task_id,sc_id,time_first_known,sc_start_time,container_start_time,finish_time,distance_to_container,time_to_container,travel_time,idle_time,penalty_time,origin_location,destination_location,sc_total_distance,container_distance,sc_travel_time,container_travel_time
CO_TFTU000067,SC020,2024-08-21 07:12:00,2024-08-21 07:11:27,2024-08-21 07:12:00,2024-08-21 07:12:24,182193,32.798019801980196,57.34221422142214,0,0,QC005,WS001.01,318536,136343,57.34221422142214,24.544194419441943
CO_TFTU000121,SC012,2024-08-21 07:21:00,2024-08-21 07:20:48,2024-08-21 07:21:00,2024-08-21 07:21:37,62693,11.285868586858685,49.21296129612961,0,0,QC003,WS001.01,273378,210685,49.21296129612961,37.92709270927093
CO_TFTU000156,SC019,2024-08-21 07:28:00,2024-08-21 07:27:07,2024-08-21 07:28:00,2024-08-21 07:28:42,292637,52.67992799279928,95.30585058505851,0,0,QC006,WS001.01,529424,236787,95.30585058505851,42.62592259225923
CO_TFTU000175,SC015,2024-08-21 07:35:00,2024-08-21 07:34:50,2024-08-21 07:35:00,2024-08-21 07:35:37,52657,9.47920792079208,47.40630063006301,0,0,QC003,WS001.01,263342,210685,47.40630063006301,37.92709270927093
CO_TFTU000211,SC014,2024-08-21 07:45:00,2024-08-21 07:44:16,2024-08-21 07:45:00,2024-08-21 07:45:24,242193,43.599099909991,68.14329432943295,0,0,QC005,WS001.01,378536,136343,68.14329432943295,24.544194419441943
CO_TFTU000235,SC013,2024-08-21 07:53:00,2024-08-21 07:52:14,2024-08-21 07:53:00,2024-08-21 07:53:24,252193,45.3992799279928,69.94347434743474,0,0,QC005,WS001.01,388536,136343,69.94347434743474,24.544194419441943
CO_TFTU000239,SC017,2024-08-21 07:55:00,2024-08-21 07:54:21,2024-08-21 07:55:00,2024-08-21 07:55:24,212193,38.1985598559856,62.742754275427544,0,0,QC005,WS001.01,348536,136343,62.742754275427544,24.544194419441943
CO_TFTU000253,SC018,2024-08-21 08:01:00,2024-08-21 08:00:23,2024-08-21 08:01:00,2024-08-21 08:01:24,202193,36.398379837983796,60.94257425742574,0,0,QC005,WS001.01,338536,136343,60.94257425742574,24.544194419441943
CO_TFTU000264,SC017,2024-08-21 08:04:00,2024-08-21 08:03:21,2024-08-21 08:04:00,2024-08-21 08:04:24,212193,38.1985598559856,62.742754275427544,0,0,QC005,WS001.01,348536,136343,62.742754275427544,24.544194419441943
CO_TFTU000125,SC017,2024-08-21 07:21:00,2024-08-21 07:20:21,2024-08-21 07:21:00,2024-08-21 07:21:24,212193,38.1985598559856,62.742754275427544,0,0,QC005,WS001.01,348536,136343,62.742754275427544,24.544194419441943
CO_TFTU000034,SC008,2024-08-21 07:07:00,2024-08-21 07:06:41,2024-08-21 07:07:00,2024-08-21 07:07:46,102693,18.486588658865887,65.41458145814582,0,0,QC003,WS002.01,363378,260685,65.41458145814582,46.92799279927993
CO_TFTU000062,SC005,2024-08-21 07:12:00,2024-08-21 07:11:50,2024-08-21 07:12:00,2024-08-21 07:13:04,52657,9.47920792079208,74.40900090009,0,0,QC001,WS002.01,413342,360685,74.40900090009,64.92979297929793
CO_TFTU000069,SC019,2024-08-21 07:12:00,2024-08-21 07:11:07,2024-08-21 07:12:00,2024-08-21 07:12:51,292637,52.67992799279928,104.3067506750675,0,0,QC006,WS002.01,579424,286787,104.3067506750675,51.62682268226823
CO_TFTU000071,SC018,2024-08-21 07:13:00,2024-08-21 07:12:23,2024-08-21 07:13:00,2024-08-21 07:13:33,202193,36.398379837983796,69.94347434743474,0,0,QC005,WS002.01,388536,186343,69.94347434743474,33.54509450945095
CO_TFTU000080,SC008,2024-08-21 07:15:00,2024-08-21 07:14:45,2024-08-21 07:15:00,2024-08-21 07:16:04,82657,14.87974797479748,79.80954095409541,0,0,QC001,WS002.01,443342,360685,79.80954095409541,64.92979297929793
CO_TFTU000086,SC008,2024-08-21 07:16:00,2024-08-21 07:15:41,2024-08-21 07:16:00,2024-08-21 07:16:46,102693,18.486588658865887,65.41458145814582,0,0,QC003,WS002.01,363378,260685,65.41458145814582,46.92799279927993
CO_TFTU000107,SC015,2024-08-21 07:18:00,2024-08-21 07:17:00,2024-08-21 07:18:00,2024-08-21 07:18:51,332637,59.88064806480648,111.5074707470747,0,0,QC006,WS002.01,619424,286787,111.5074707470747,51.62682268226823
CO_TFTU000116,SC018,2024-08-21 07:20:00,2024-08-21 07:19:23,2024-08-21 07:20:00,2024-08-21 07:20:33,202193,36.398379837983796,69.94347434743474,0,0,QC005,WS002.01,388536,186343,69.94347434743474,33.54509450945095
CO_TFTU000189,SC016,2024-08-21 07:39:00,2024-08-21 07:38:48,2024-08-21 07:39:00,2024-08-21 07:39:46,62657,11.27938793879388,58.20738073807381,0,0,QC003,WS002.01,323342,260685,58.20738073807381,46.92799279927993
CO_TFTU000195,SC007,2024-08-21 07:41:00,2024-08-21 07:40:46,2024-08-21 07:41:00,2024-08-21 07:42:04,72657,13.07956795679568,78.00936093609361,0,0,QC001,WS002.01,433342,360685,78.00936093609361,64.92979297929793
CO_TFTU000196,SC007,2024-08-21 07:41:00,2024-08-21 07:40:39,2024-08-21 07:41:00,2024-08-21 07:41:46,112693,20.286768676867688,67.21476147614761,0,0,QC003,WS002.01,373378,260685,67.21476147614761,46.92799279927993
CO_TFTU000220,SC004,2024-08-21 07:47:00,2024-08-21 07:46:52,2024-08-21 07:47:00,2024-08-21 07:48:04,42693,7.6855085508550856,72.61530153015302,0,0,QC001,WS002.01,403378,360685,72.61530153015302,64.92979297929793
CO_TFTU000221,SC006,2024-08-21 07:47:00,2024-08-21 07:46:37,2024-08-21 07:47:00,2024-08-21 07:47:46,122693,22.086948694869488,69.01494149414941,0,0,QC003,WS002.01,383378,260685,69.01494149414941,46.92799279927993
CO_TFTU000233,SC018,2024-08-21 07:52:00,2024-08-21 07:50:47,2024-08-21 07:52:00,2024-08-21 07:53:09,402227,72.40810081008101,141.96291629162917,0,0,QC007,WS002.01,788604,386377,141.96291629162917,69.55481548154816
CO_TFTU000256,SC012,2024-08-21 08:02:00,2024-08-21 08:01:12,2024-08-21 08:02:00,2024-08-21 08:02:33,262193,47.1994599459946,80.74455445544554,0,0,QC005,WS002.01,448536,186343,80.74455445544554,33.54509450945095
CO_TFTU000271,SC009,2024-08-21 08:05:00,2024-08-21 08:04:43,2024-08-21 08:05:00,2024-08-21 08:06:04,92657,16.67992799279928,81.60972097209721,0,0,QC001,WS002.01,453342,360685,81.60972097209721,64.92979297929793
CO_TFTU000012,SC014,2024-08-21 07:02:00,2024-08-21 07:00:58,2024-08-21 07:02:00,2024-08-21 07:02:51,342637,61.68082808280828,113.3076507650765,0,0,QC006,WS002.01,629424,286787,113.3076507650765,51.62682268226823
CO_TFTU000033,SC012,2024-08-21 07:06:00,2024-08-21 07:04:25,2024-08-21 07:06:00,2024-08-21 07:07:39,527317,94.92655265526552,194.5065706570657,0,0,RAIL001.81,WS003.01,1080484,553167,194.5065706570657,99.58001800180018
CO_TFTU000039,SC003,2024-08-21 07:07:00,2024-08-21 07:06:24,2024-08-21 07:07:00,2024-08-21 07:08:27,197317,35.52061206120612,123.15931593159316,0,0,RAIL001.01,WS003.01,684150,486833,123.15931593159316,87.63870387038703
CO_TFTU000047,SC014,2024-08-21 07:09:00,2024-08-21 07:08:16,2024-08-21 07:09:00,2024-08-21 07:09:42,242193,43.599099909991,86.14509450945094,0,0,QC005,WS003.01,478536,236343,86.14509450945094,42.545994599459945
CO_TFTU000051,SC012,2024-08-21 07:10:00,2024-08-21 07:09:12,2024-08-21 07:10:00,2024-08-21 07:10:42,262193,47.1994599459946,89.74545454545455,0,0,QC005,WS003.01,498536,236343,89.74545454545455,42.545994599459945
CO_TFTU000053,SC014,2024-08-21 07:10:00,2024-08-21 07:08:58,2024-08-21 07:10:00,2024-08-21 07:11:00,342637,61.68082808280828,122.30855085508551,0,0,QC006,WS003.01,679424,336787,122.30855085508551,60.62772277227723
CO_TFTU000056,SC015,2024-08-21 07:11:00,2024-08-21 07:10:36,2024-08-21 07:11:00,2024-08-21 07:11:38,132176,23.794059405940594,61.81422142214221,0,0,QC004,WS003.01,343378,211202,61.81422142214221,38.02016201620162
CO_TFTU000085,SC010,2024-08-21 07:15:00,2024-08-21 07:13:37,2024-08-21 07:15:00,2024-08-21 07:16:30,459317,82.68532853285329,173.62448244824483,0,0,RAIL001.65,WS003.01,964484,505167,173.62448244824483,90.93915391539154
CO_TFTU000094,SC006,2024-08-21 07:16:00,2024-08-21 07:15:19,2024-08-21 07:16:00,2024-08-21 07:17:27,227317,40.92115211521152,128.55985598559855,0,0,RAIL001.01,WS003.01,714150,486833,128.55985598559855,87.63870387038703
CO_TFTU000103,SC019,2024-08-21 07:18:00,2024-08-21 07:17:43,2024-08-21 07:18:00,2024-08-21 07:18:55,92657,16.67992799279928,72.60882088208821,0,0,QC003,WS003.01,403342,310685,72.60882088208821,55.92889288928893
CO_TFTU000117,SC019,2024-08-21 07:20:00,2024-08-21 07:19:25,2024-08-21 07:20:00,2024-08-21 07:20:42,192193,34.598199819982,77.14419441944194,0,0,QC005,WS003.01,428536,236343,77.14419441944194,42.545994599459945
CO_TFTU000131,SC008,2024-08-21 07:23:00,2024-08-21 07:22:05,2024-08-21 07:23:00,2024-08-21 07:24:17,304317,54.78253825382538,132.16021602160217,0,0,RAIL001.20,WS003.01,734150,429833,132.16021602160217,77.37767776777677
CO_TFTU000153,SC012,2024-08-21 07:28:00,2024-08-21 07:27:30,2024-08-21 07:28:00,2024-08-21 07:28:38,162176,29.194599459945994,67.21476147614761,0,0,QC004,WS003.01,373378,211202,67.21476147614761,38.02016201620162
CO_TFTU000173,SC012,2024-08-21 07:34:00,2024-08-21 07:33:37,2024-08-21 07:34:00,2024-08-21 07:35:13,122657,22.08046804680468,96.01116111611161,0,0,QC001,WS003.01,533342,410685,96.01116111611161,73.93069306930693
CO_TFTU000179,SC004,2024-08-21 07:36:00,2024-08-21 07:34:59,2024-08-21 07:36:00,2024-08-21 07:37:19,333317,60.003060306030605,139.06102610261027,0,0,RAIL001.43,WS003.01,772484,439167,139.06102610261027,79.05796579657965
CO_TFTU000184,SC001,2024-08-21 07:38:00,2024-08-21 07:37:28,2024-08-21 07:38:00,2024-08-21 07:38:55,172693,31.08784878487849,87.01674167416742,0,0,QC003,WS003.01,483378,310685,87.01674167416742,55.92889288928893
CO_TFTU000187,SC015,2024-08-21 07:38:00,2024-08-21 07:37:18,2024-08-21 07:38:00,2024-08-21 07:38:42,232193,41.7989198919892,84.34491449144915,0,0,QC005,WS003.01,468536,236343,84.34491449144915,42.545994599459945
CO_TFTU000191,SC011,2024-08-21 07:40:00,2024-08-21 07:39:46,2024-08-21 07:40:00,2024-08-21 07:40:55,72693,13.086048604860487,69.01494149414941,0,0,QC003,WS003.01,383378,310685,69.01494149414941,55.92889288928893
CO_TFTU000199,SC010,2024-08-21 07:42:00,2024-08-21 07:41:09,2024-08-21 07:42:00,2024-08-21 07:42:42,282193,50.7998199819982,93.34581458145814,0,0,QC005,WS003.01,518536,236343,93.34581458145814,42.545994599459945
CO_TFTU000200,SC014,2024-08-21 07:42:00,2024-08-21 07:41:16,2024-08-21 07:42:00,2024-08-21 07:42:42,242193,43.599099909991,86.14509450945094,0,0,QC005,WS003.01,478536,236343,86.14509450945094,42.545994599459945
CO_TFTU000207,SC004,2024-08-21 07:44:00,2024-08-21 07:43:22,2024-08-21 07:44:00,2024-08-21 07:45:27,207317,37.32079207920792,124.95949594959495,0,0,RAIL001.01,WS003.01,694150,486833,124.95949594959495,87.63870387038703
CO_TFTU000212,SC015,2024-08-21 07:45:00,2024-08-21 07:44:18,2024-08-21 07:45:00,2024-08-21 07:45:42,232193,41.7989198919892,84.34491449144915,0,0,QC005,WS003.01,468536,236343,84.34491449144915,42.545994599459945
CO_TFTU000214,SC020,2024-08-21 07:46:00,2024-08-21 07:45:27,2024-08-21 07:46:00,2024-08-21 07:46:42,182193,32.798019801980196,75.34401440144015,0,0,QC005,WS003.01,418536,236343,75.34401440144015,42.545994599459945
CO_TFTU000225,SC008,2024-08-21 07:48:00,2024-08-21 07:47:05,2024-08-21 07:48:00,2024-08-21 07:48:42,302193,54.4001800180018,96.94617461746175,0,0,QC005,WS003.01,538536,236343,96.94617461746175,42.545994599459945
CO_TFTU000226,SC011,2024-08-21 07:48:00,2024-08-21 07:47:11,2024-08-21 07:48:00,2024-08-21 07:48:42,272193,48.9996399639964,91.54563456345635,0,0,QC005,WS003.01,508536,236343,91.54563456345635,42.545994599459945
CO_TFTU000234,SC012,2024-08-21 07:53:00,2024-08-21 07:52:37,2024-08-21 07:53:00,2024-08-21 07:54:13,122657,22.08046804680468,96.01116111611161,0,0,QC001,WS003.01,533342,410685,96.01116111611161,73.93069306930693
CO_TFTU000242,SC016,2024-08-21 07:57:00,2024-08-21 07:56:20,2024-08-21 07:57:00,2024-08-21 07:57:42,222193,39.9987398739874,82.54473447344735,0,0,QC005,WS003.01,458536,236343,82.54473447344735,42.545994599459945
CO_TFTU000255,SC009,2024-08-21 08:02:00,2024-08-21 08:01:07,2024-08-21 08:02:00,2024-08-21 08:02:42,292193,52.6,95.14599459945994,0,0,QC005,WS003.01,528536,236343,95.14599459945994,42.545994599459945
CO_TFTU000276,SC007,2024-08-21 08:06:00,2024-08-21 08:05:03,2024-08-21 08:06:00,2024-08-21 08:06:42,312193,56.2003600360036,98.74635463546355,0,0,QC005,WS003.01,548536,236343,98.74635463546355,42.545994599459945
CO_TFTU000282,SC001,2024-08-21 08:08:00,2024-08-21 08:07:46,2024-08-21 08:08:00,2024-08-21 08:09:13,72693,13.086048604860487,87.01674167416742,0,0,QC001,WS003.01,483378,410685,87.01674167416742,73.93069306930693
CO_TFTU000286,SC009,2024-08-21 08:08:00,2024-08-21 08:06:23,2024-08-21 08:08:00,2024-08-21 08:09:46,533317,96.00666066606661,202.06732673267328,0,0,RAIL001.93,WS003.01,1122484,589167,202.06732673267328,106.06066606660666
CO_TFTU000186,SC015,2024-08-21 07:38:00,2024-08-21 07:37:50,2024-08-21 07:38:00,2024-08-21 07:38:55,52657,9.47920792079208,65.40810081008101,0,0,QC003,WS003.01,363342,310685,65.40810081008101,55.92889288928893
CO_TFTU000038,SC007,2024-08-21 07:07:00,2024-08-21 07:05:27,2024-08-21 07:07:00,2024-08-21 07:08:27,512227,92.21008100810081,179.76669666966697,0,0,QC007,WS004.01,998604,486377,179.76669666966697,87.55661566156616
CO_TFTU000065,SC013,2024-08-21 07:12:00,2024-08-21 07:11:50,2024-08-21 07:12:00,2024-08-21 07:13:04,52693,9.485688568856885,74.41548154815482,0,0,QC003,WS004.01,413378,360685,74.41548154815482,64.92979297929793
CO_TFTU000081,SC013,2024-08-21 07:15:00,2024-08-21 07:14:36,2024-08-21 07:15:00,2024-08-21 07:16:22,132657,23.88064806480648,106.81224122412242,0,0,QC001,WS004.01,593342,460685,106.81224122412242,82.93159315931594
CO_TFTU000098,SC010,2024-08-21 07:17:00,2024-08-21 07:16:45,2024-08-21 07:17:00,2024-08-21 07:18:04,82693,14.886228622862287,79.81602160216022,0,0,QC003,WS004.01,443378,360685,79.81602160216022,64.92979297929793
CO_TFTU000115,SC016,2024-08-21 07:19:00,2024-08-21 07:17:53,2024-08-21 07:19:00,2024-08-21 07:20:29,369317,66.48370837083708,155.56255625562557,0,0,RAIL001.15,WS004.01,864150,494833,155.56255625562557,89.07884788478847
CO_TFTU000122,SC010,2024-08-21 07:21:00,2024-08-21 07:20:45,2024-08-21 07:21:00,2024-08-21 07:22:04,82693,14.886228622862287,79.81602160216022,0,0,QC003,WS004.01,443378,360685,79.81602160216022,64.92979297929793
CO_TFTU000123,SC014,2024-08-21 07:21:00,2024-08-21 07:20:34,2024-08-21 07:21:00,2024-08-21 07:21:47,142176,25.594239423942394,72.61530153015302,0,0,QC004,WS004.01,403378,261202,72.61530153015302,47.02106210621062
CO_TFTU000140,SC012,2024-08-21 07:25:00,2024-08-21 07:24:48,2024-08-21 07:25:00,2024-08-21 07:26:04,62693,11.285868586858685,76.21566156615661,0,0,QC003,WS004.01,423378,360685,76.21566156615661,64.92979297929793
CO_TFTU000149,SC017,2024-08-21 07:27:00,2024-08-21 07:26:21,2024-08-21 07:27:00,2024-08-21 07:27:51,212193,38.1985598559856,89.74545454545455,0,0,QC005,WS004.01,498536,286343,89.74545454545455,51.54689468946895
CO_TFTU000160,SC002,2024-08-21 07:30:00,2024-08-21 07:29:30,2024-08-21 07:30:00,2024-08-21 07:31:04,162693,29.28766876687669,94.21746174617462,0,0,QC003,WS004.01,523378,360685,94.21746174617462,64.92979297929793
CO_TFTU000192,SC015,2024-08-21 07:40:00,2024-08-21 07:39:36,2024-08-21 07:40:00,2024-08-21 07:40:47,132176,23.794059405940594,70.81512151215121,0,0,QC004,WS004.01,393378,261202,70.81512151215121,47.02106210621062
CO_TFTU000238,SC019,2024-08-21 07:54:00,2024-08-21 07:53:25,2024-08-21 07:54:00,2024-08-21 07:54:51,192193,34.598199819982,86.14509450945094,0,0,QC005,WS004.01,478536,286343,86.14509450945094,51.54689468946895
CO_TFTU000245,SC017,2024-08-21 07:58:00,2024-08-21 07:57:39,2024-08-21 07:58:00,2024-08-21 07:58:47,112176,20.193699369936994,67.21476147614761,0,0,QC004,WS004.01,373378,261202,67.21476147614761,47.02106210621062
CO_TFTU000001,SC008,2024-08-21 07:00:00,2024-08-21 06:59:45,2024-08-21 07:00:00,2024-08-21 07:01:31,82657,14.87974797479748,106.81224122412242,0,0,QC001,WS007.01,593342,510685,106.81224122412242,91.93249324932493
CO_TFTU000007,SC014,2024-08-21 07:01:00,2024-08-21 07:00:52,2024-08-21 07:01:00,2024-08-21 07:02:13,42693,7.6855085508550856,81.61620162016202,0,0,QC003,WS007.01,453378,410685,81.61620162016202,73.93069306930693
CO_TFTU000008,SC017,2024-08-21 07:01:00,2024-08-21 07:00:46,2024-08-21 07:01:00,2024-08-21 07:02:13,72657,13.07956795679568,87.01026102610261,0,0,QC003,WS007.01,483342,410685,87.01026102610261,73.93069306930693
CO_TFTU000024,SC008,2024-08-21 07:05:00,2024-08-21 07:04:05,2024-08-21 07:05:00,2024-08-21 07:06:00,302193,54.4001800180018,114.94797479747974,0,0,QC005,WS007.01,638536,336343,114.94797479747974,60.54779477947795
CO_TFTU000027,SC019,2024-08-21 07:05:00,2024-08-21 07:04:07,2024-08-21 07:05:00,2024-08-21 07:06:18,292637,52.67992799279928,131.3094509450945,0,0,QC006,WS007.01,729424,436787,131.3094509450945,78.62952295229523
CO_TFTU000029,SC007,2024-08-21 07:05:00,2024-08-21 07:03:36,2024-08-21 07:05:00,2024-08-21 07:06:18,462317,83.22538253825383,162.1033303330333,0,0,RAIL001.76,WS007.01,900484,438167,162.1033303330333,78.87794779477947
CO_TFTU000146,SC010,2024-08-21 07:26:00,2024-08-21 07:25:45,2024-08-21 07:26:00,2024-08-21 07:27:13,82693,14.886228622862287,88.81692169216922,0,0,QC003,WS007.01,493378,410685,88.81692169216922,73.93069306930693
CO_TFTU000190,SC018,2024-08-21 07:39:00,2024-08-21 07:37:47,2024-08-21 07:39:00,2024-08-21 07:40:36,402227,72.40810081008101,168.96561656165616,0,0,QC007,WS007.01,938604,536377,168.96561656165616,96.55751575157515
CO_TFTU000222,SC013,2024-08-21 07:47:00,2024-08-21 07:46:50,2024-08-21 07:47:00,2024-08-21 07:48:13,52693,9.485688568856885,83.41638163816381,0,0,QC003,WS007.01,463378,410685,83.41638163816381,73.93069306930693
CO_TFTU000230,SC018,2024-08-21 07:50:00,2024-08-21 07:49:05,2024-08-21 07:50:00,2024-08-21 07:51:18,302637,54.48010801080108,133.10963096309632,0,0,QC006,WS007.01,739424,436787,133.10963096309632,78.62952295229523
CO_TFTU000232,SC019,2024-08-21 07:51:00,2024-08-21 07:50:25,2024-08-21 07:51:00,2024-08-21 07:52:00,192193,34.598199819982,95.14599459945994,0,0,QC005,WS007.01,528536,336343,95.14599459945994,60.54779477947795
CO_TFTU000250,SC010,2024-08-21 07:59:00,2024-08-21 07:58:09,2024-08-21 07:59:00,2024-08-21 08:00:00,282193,50.7998199819982,111.34761476147615,0,0,QC005,WS007.01,618536,336343,111.34761476147615,60.54779477947795
CO_TFTU000278,SC019,2024-08-21 08:07:00,2024-08-21 08:06:25,2024-08-21 08:07:00,2024-08-21 08:08:00,192193,34.598199819982,95.14599459945994,0,0,QC005,WS007.01,528536,336343,95.14599459945994,60.54779477947795
CO_TFTU000017,SC016,2024-08-21 07:03:00,2024-08-21 07:02:20,2024-08-21 07:03:00,2024-08-21 07:04:00,222193,39.9987398739874,100.54653465346534,0,0,QC005,WS007.01,558536,336343,100.54653465346534,60.54779477947795
CO_TFTU000102,SC017,2024-08-21 07:17:00,2024-08-21 07:16:03,2024-08-21 07:17:00,2024-08-21 07:18:27,312637,56.28028802880288,143.9107110711071,0,0,QC006,WS008.01,799424,486787,143.9107110711071,87.63042304230423
CO_TFTU000119,SC020,2024-08-21 07:20:00,2024-08-21 07:19:09,2024-08-21 07:20:00,2024-08-21 07:21:27,282637,50.87974797479748,138.5101710171017,0,0,QC006,WS008.01,769424,486787,138.5101710171017,87.63042304230423
CO_TFTU000124,SC016,2024-08-21 07:21:00,2024-08-21 07:20:20,2024-08-21 07:21:00,2024-08-21 07:22:09,222193,39.9987398739874,109.54743474347434,0,0,QC005,WS008.01,608536,386343,109.54743474347434,69.54869486948695
CO_TFTU000135,SC020,2024-08-21 07:24:00,2024-08-21 07:23:09,2024-08-21 07:24:00,2024-08-21 07:25:27,282637,50.87974797479748,138.5101710171017,0,0,QC006,WS008.01,769424,486787,138.5101710171017,87.63042304230423
CO_TFTU000154,SC012,2024-08-21 07:28:00,2024-08-21 07:27:12,2024-08-21 07:28:00,2024-08-21 07:29:09,262193,47.1994599459946,116.74815481548154,0,0,QC005,WS008.01,648536,386343,116.74815481548154,69.54869486948695
CO_TFTU000161,SC016,2024-08-21 07:30:00,2024-08-21 07:29:20,2024-08-21 07:30:00,2024-08-21 07:31:09,222193,39.9987398739874,109.54743474347434,0,0,QC005,WS008.01,608536,386343,109.54743474347434,69.54869486948695
CO_TFTU000176,SC007,2024-08-21 07:35:00,2024-08-21 07:34:39,2024-08-21 07:35:00,2024-08-21 07:36:22,112693,20.286768676867688,103.21836183618362,0,0,QC003,WS008.01,573378,460685,103.21836183618362,82.93159315931594
CO_TFTU000181,SC018,2024-08-21 07:37:00,2024-08-21 07:36:23,2024-08-21 07:37:00,2024-08-21 07:38:09,202193,36.398379837983796,105.94707470747075,0,0,QC005,WS008.01,588536,386343,105.94707470747075,69.54869486948695
CO_TFTU000193,SC020,2024-08-21 07:40:00,2024-08-21 07:39:27,2024-08-21 07:40:00,2024-08-21 07:41:09,182193,32.798019801980196,102.34671467146714,0,0,QC005,WS008.01,568536,386343,102.34671467146714,69.54869486948695
CO_TFTU000203,SC014,2024-08-21 07:43:00,2024-08-21 07:42:16,2024-08-21 07:43:00,2024-08-21 07:44:09,242193,43.599099909991,113.14779477947795,0,0,QC005,WS008.01,628536,386343,113.14779477947795,69.54869486948695
CO_TFTU000213,SC012,2024-08-21 07:46:00,2024-08-21 07:45:37,2024-08-21 07:46:00,2024-08-21 07:47:40,122657,22.08046804680468,123.01386138613861,0,0,QC001,WS008.01,683342,560685,123.01386138613861,100.93339333933393
CO_TFTU000223,SC020,2024-08-21 07:47:00,2024-08-21 07:46:27,2024-08-21 07:47:00,2024-08-21 07:48:09,182193,32.798019801980196,102.34671467146714,0,0,QC005,WS008.01,568536,386343,102.34671467146714,69.54869486948695
CO_TFTU000231,SC015,2024-08-21 07:51:00,2024-08-21 07:50:18,2024-08-21 07:51:00,2024-08-21 07:52:09,232193,41.7989198919892,111.34761476147615,0,0,QC005,WS008.01,618536,386343,111.34761476147615,69.54869486948695
CO_TFTU000258,SC010,2024-08-21 08:02:00,2024-08-21 08:00:51,2024-08-21 08:02:00,2024-08-21 08:03:27,382637,68.88154815481548,156.51197119711972,0,0,QC006,WS008.01,869424,486787,156.51197119711972,87.63042304230423
CO_TFTU000281,SC014,2024-08-21 08:07:00,2024-08-21 08:05:58,2024-08-21 08:07:00,2024-08-21 08:08:27,342637,61.68082808280828,149.3112511251125,0,0,QC006,WS008.01,829424,486787,149.3112511251125,87.63042304230423
CO_TFTU000157,SC011,2024-08-21 07:28:00,2024-08-21 07:26:16,2024-08-21 07:28:00,2024-08-21 07:29:14,577317,103.92745274527452,178.3049504950495,0,0,RAIL001.101,WS009.01,990484,413167,178.3049504950495,74.37749774977497
CO_TFTU000241,SC008,2024-08-21 07:56:00,2024-08-21 07:55:23,2024-08-21 07:56:00,2024-08-21 07:57:14,202176,36.3953195319532,110.41908190819082,0,0,QC004,WS009.01,613378,411202,110.41908190819082,74.02376237623763
CO_TFTU000016,SC014,2024-08-21 07:03:00,2024-08-21 07:02:16,2024-08-21 07:03:00,2024-08-21 07:04:27,242193,43.599099909991,131.14959495949594,0,0,QC005,WS010.01,728536,486343,131.14959495949594,87.55049504950495
CO_TFTU000035,SC019,2024-08-21 07:07:00,2024-08-21 07:06:25,2024-08-21 07:07:00,2024-08-21 07:08:27,192193,34.598199819982,122.14869486948695,0,0,QC005,WS010.01,678536,486343,122.14869486948695,87.55049504950495
CO_TFTU000036,SC017,2024-08-21 07:07:00,2024-08-21 07:06:21,2024-08-21 07:07:00,2024-08-21 07:08:27,212193,38.1985598559856,125.74905490549055,0,0,QC005,WS010.01,698536,486343,125.74905490549055,87.55049504950495
CO_TFTU000037,SC013,2024-08-21 07:07:00,2024-08-21 07:05:56,2024-08-21 07:07:00,2024-08-21 07:08:45,352637,63.48100810081008,169.1132313231323,0,0,QC006,WS010.01,939424,586787,169.1132313231323,105.63222322232224
CO_TFTU000043,SC006,2024-08-21 07:08:00,2024-08-21 07:06:43,2024-08-21 07:08:00,2024-08-21 07:09:45,422637,76.08226822682268,181.7144914491449,0,0,QC006,WS010.01,1009424,586787,181.7144914491449,105.63222322232224
CO_TFTU000073,SC009,2024-08-21 07:13:00,2024-08-21 07:12:07,2024-08-21 07:13:00,2024-08-21 07:14:27,292193,52.6,140.15049504950494,0,0,QC005,WS010.01,778536,486343,140.15049504950494,87.55049504950495
CO_TFTU000087,SC017,2024-08-21 07:16:00,2024-08-21 07:15:21,2024-08-21 07:16:00,2024-08-21 07:17:27,212193,38.1985598559856,125.74905490549055,0,0,QC005,WS010.01,698536,486343,125.74905490549055,87.55049504950495
CO_TFTU000105,SC019,2024-08-21 07:18:00,2024-08-21 07:17:25,2024-08-21 07:18:00,2024-08-21 07:19:27,192193,34.598199819982,122.14869486948695,0,0,QC005,WS010.01,678536,486343,122.14869486948695,87.55049504950495
CO_TFTU000106,SC008,2024-08-21 07:18:00,2024-08-21 07:17:05,2024-08-21 07:18:00,2024-08-21 07:19:27,302193,54.4001800180018,141.95067506750675,0,0,QC005,WS010.01,788536,486343,141.95067506750675,87.55049504950495
CO_TFTU000143,SC019,2024-08-21 07:25:00,2024-08-21 07:24:07,2024-08-21 07:25:00,2024-08-21 07:26:45,292637,52.67992799279928,158.3121512151215,0,0,QC006,WS010.01,879424,586787,158.3121512151215,105.63222322232224
CO_TFTU000158,SC019,2024-08-21 07:29:00,2024-08-21 07:28:43,2024-08-21 07:29:00,2024-08-21 07:30:23,92176,16.593339333933393,99.61800180018002,0,0,QC004,WS010.01,553378,461202,99.61800180018002,83.02466246624662
CO_TFTU000170,SC008,2024-08-21 07:33:00,2024-08-21 07:31:47,2024-08-21 07:33:00,2024-08-21 07:34:45,402637,72.48190819081908,178.1141314131413,0,0,QC006,WS010.01,989424,586787,178.1141314131413,105.63222322232224
CO_TFTU000174,SC016,2024-08-21 07:34:00,2024-08-21 07:33:20,2024-08-21 07:34:00,2024-08-21 07:35:27,222193,39.9987398739874,127.54923492349235,0,0,QC005,WS010.01,708536,486343,127.54923492349235,87.55049504950495
CO_TFTU000215,SC017,2024-08-21 07:46:00,2024-08-21 07:45:21,2024-08-21 07:46:00,2024-08-21 07:47:27,212193,38.1985598559856,125.74905490549055,0,0,QC005,WS010.01,698536,486343,125.74905490549055,87.55049504950495
CO_TFTU000229,SC011,2024-08-21 07:49:00,2024-08-21 07:47:43,2024-08-21 07:49:00,2024-08-21 07:50:46,424317,76.38469846984698,182.56525652565256,0,0,RAIL001.50,WS010.01,1014150,589833,182.56525652565256,106.18055805580558
CO_TFTU000109,SC003,2024-08-21 07:18:00,2024-08-21 07:17:23,2024-08-21 07:18:00,2024-08-21 07:20:21,200317,36.06066606660666,177.16471647164715,0,0,RAIL001.02,WS011.01,984150,783833,177.16471647164715,141.1040504050405
CO_TFTU000167,SC019,2024-08-21 07:31:00,2024-08-21 07:30:25,2024-08-21 07:31:00,2024-08-21 07:32:36,192193,34.598199819982,131.14959495949594,0,0,QC005,WS011.01,728536,536343,131.14959495949594,96.55139513951396
CO_TFTU000002,SC009,2024-08-21 07:00:00,2024-08-21 06:59:07,2024-08-21 07:00:00,2024-08-21 07:01:45,292193,52.6,158.15229522952296,0,0,QC005,WS012.01,878536,586343,158.15229522952296,105.55229522952295
CO_TFTU000018,SC002,2024-08-21 07:04:00,2024-08-21 07:03:30,2024-08-21 07:04:00,2024-08-21 07:05:58,162693,29.28766876687669,148.22286228622863,0,0,QC003,WS012.01,823378,660685,148.22286228622863,118.93519351935194
CO_TFTU000025,SC008,2024-08-21 07:05:00,2024-08-21 07:03:47,2024-08-21 07:05:00,2024-08-21 07:07:03,402637,72.48190819081908,196.1159315931593,0,0,QC006,WS012.01,1089424,686787,196.1159315931593,123.63402340234023
CO_TFTU000030,SC007,2024-08-21 07:06:00,2024-08-21 07:05:39,2024-08-21 07:06:00,2024-08-21 07:07:58,112693,20.286768676867688,139.22196219621964,0,0,QC003,WS012.01,773378,660685,139.22196219621964,118.93519351935194
CO_TFTU000031,SC018,2024-08-21 07:06:00,2024-08-21 07:05:41,2024-08-21 07:06:00,2024-08-21 07:07:41,102176,18.393519351935193,119.41998199819982,0,0,QC004,WS012.01,663378,561202,119.41998199819982,101.02646264626463
CO_TFTU000040,SC011,2024-08-21 07:08:00,2024-08-21 07:07:11,2024-08-21 07:08:00,2024-08-21 07:09:45,272193,48.9996399639964,154.55193519351934,0,0,QC005,WS012.01,858536,586343,154.55193519351934,105.55229522952295
CO_TFTU000057,SC019,2024-08-21 07:11:00,2024-08-21 07:10:25,2024-08-21 07:11:00,2024-08-21 07:12:45,192193,34.598199819982,140.15049504950494,0,0,QC005,WS012.01,778536,586343,140.15049504950494,105.55229522952295
CO_TFTU000091,SC015,2024-08-21 07:16:00,2024-08-21 07:15:00,2024-08-21 07:16:00,2024-08-21 07:18:03,332637,59.88064806480648,183.5146714671467,0,0,QC006,WS012.01,1019424,686787,183.5146714671467,123.63402340234023
CO_TFTU000159,SC015,2024-08-21 07:29:00,2024-08-21 07:28:36,2024-08-21 07:29:00,2024-08-21 07:30:41,132176,23.794059405940594,124.82052205220522,0,0,QC004,WS012.01,693378,561202,124.82052205220522,101.02646264626463
CO_TFTU000162,SC019,2024-08-21 07:30:00,2024-08-21 07:29:25,2024-08-21 07:30:00,2024-08-21 07:31:45,192193,34.598199819982,140.15049504950494,0,0,QC005,WS012.01,778536,586343,140.15049504950494,105.55229522952295
CO_TFTU000177,SC019,2024-08-21 07:35:00,2024-08-21 07:33:49,2024-08-21 07:35:00,2024-08-21 07:37:21,392227,70.60792079207921,212.16993699369937,0,0,QC007,WS012.01,1178604,786377,212.16993699369937,141.56201620162017
CO_TFTU000180,SC018,2024-08-21 07:37:00,2024-08-21 07:36:41,2024-08-21 07:37:00,2024-08-21 07:38:41,102176,18.393519351935193,119.41998199819982,0,0,QC004,WS012.01,663378,561202,119.41998199819982,101.02646264626463
CO_TFTU000182,SC015,2024-08-21 07:37:00,2024-08-21 07:36:00,2024-08-21 07:37:00,2024-08-21 07:39:03,332637,59.88064806480648,183.5146714671467,0,0,QC006,WS012.01,1019424,686787,183.5146714671467,123.63402340234023
CO_TFTU000194,SC019,2024-08-21 07:40:00,2024-08-21 07:39:07,2024-08-21 07:40:00,2024-08-21 07:42:03,292637,52.67992799279928,176.31395139513953,0,0,QC006,WS012.01,979424,686787,176.31395139513953,123.63402340234023
CO_TFTU000201,SC015,2024-08-21 07:42:00,2024-08-21 07:41:18,2024-08-21 07:42:00,2024-08-21 07:43:45,232193,41.7989198919892,147.35121512151215,0,0,QC005,WS012.01,818536,586343,147.35121512151215,105.55229522952295
CO_TFTU000209,SC004,2024-08-21 07:44:00,2024-08-21 07:42:33,2024-08-21 07:44:00,2024-08-21 07:45:41,480317,86.46570657065706,187.96579657965796,0,0,RAIL001.92,WS012.01,1044150,563833,187.96579657965796,101.5000900090009
CO_TFTU000218,SC020,2024-08-21 07:46:00,2024-08-21 07:44:51,2024-08-21 07:46:00,2024-08-21 07:48:21,382227,68.8077407740774,210.36975697569758,0,0,QC007,WS012.01,1168604,786377,210.36975697569758,141.56201620162017
CO_TFTU000268,SC014,2024-08-21 08:04:00,2024-08-21 08:02:58,2024-08-21 08:04:00,2024-08-21 08:06:03,342637,61.68082808280828,185.31485148514852,0,0,QC006,WS012.01,1029424,686787,185.31485148514852,123.63402340234023
CO_TFTU000279,SC019,2024-08-21 08:07:00,2024-08-21 08:06:25,2024-08-21 08:07:00,2024-08-21 08:08:45,192193,34.598199819982,140.15049504950494,0,0,QC005,WS012.01,778536,586343,140.15049504950494,105.55229522952295
CO_TFTU000285,SC003,2024-08-21 08:08:00,2024-08-21 08:06:56,2024-08-21 08:08:00,2024-08-21 08:09:45,352193,63.4010801080108,168.95337533753374,0,0,QC005,WS012.01,938536,586343,168.95337533753374,105.55229522952295
CO_TFTU000013,SC010,2024-08-21 07:02:00,2024-08-21 07:00:51,2024-08-21 07:02:00,2024-08-21 07:04:03,382637,68.88154815481548,192.5155715571557,0,0,QC006,WS012.01,1069424,686787,192.5155715571557,123.63402340234023
CO_TFTU000011,SC020,2024-08-21 07:02:00,2024-08-21 07:01:27,2024-08-21 07:02:00,2024-08-21 07:03:54,182193,32.798019801980196,147.35121512151215,0,0,QC005,WS013.01,818536,636343,147.35121512151215,114.55319531953195
CO_TFTU000054,SC002,2024-08-21 07:10:00,2024-08-21 07:08:18,2024-08-21 07:10:00,2024-08-21 07:12:30,562227,101.21098109810981,251.77389738973898,0,0,QC007,WS013.01,1398604,836377,251.77389738973898,150.56291629162916
CO_TFTU000078,SC013,2024-08-21 07:14:00,2024-08-21 07:12:38,2024-08-21 07:14:00,2024-08-21 07:16:30,452227,81.40900090009,231.97191719171917,0,0,QC007,WS013.01,1288604,836377,231.97191719171917,150.56291629162916
CO_TFTU000088,SC007,2024-08-21 07:16:00,2024-08-21 07:15:03,2024-08-21 07:16:00,2024-08-21 07:17:54,312193,56.2003600360036,170.75355535553555,0,0,QC005,WS013.01,948536,636343,170.75355535553555,114.55319531953195
CO_TFTU000136,SC019,2024-08-21 07:24:00,2024-08-21 07:23:07,2024-08-21 07:24:00,2024-08-21 07:26:12,292637,52.67992799279928,185.31485148514852,0,0,QC006,WS013.01,1029424,736787,185.31485148514852,132.63492349234923
CO_TFTU000150,SC009,2024-08-21 07:27:00,2024-08-21 07:26:07,2024-08-21 07:27:00,2024-08-21 07:28:54,292193,52.6,167.15319531953196,0,0,QC005,WS013.01,928536,636343,167.15319531953196,114.55319531953195
CO_TFTU000169,SC018,2024-08-21 07:32:00,2024-08-21 07:31:23,2024-08-21 07:32:00,2024-08-21 07:33:54,202193,36.398379837983796,150.95157515751575,0,0,QC005,WS013.01,838536,636343,150.95157515751575,114.55319531953195
CO_TFTU000171,SC020,2024-08-21 07:33:00,2024-08-21 07:32:09,2024-08-21 07:33:00,2024-08-21 07:35:12,282637,50.87974797479748,183.5146714671467,0,0,QC006,WS013.01,1019424,736787,183.5146714671467,132.63492349234923
CO_TFTU000197,SC010,2024-08-21 07:41:00,2024-08-21 07:40:09,2024-08-21 07:41:00,2024-08-21 07:42:54,282193,50.7998199819982,165.35301530153015,0,0,QC005,WS013.01,918536,636343,165.35301530153015,114.55319531953195
CO_TFTU000205,SC020,2024-08-21 07:43:00,2024-08-21 07:42:09,2024-08-21 07:43:00,2024-08-21 07:45:12,282637,50.87974797479748,183.5146714671467,0,0,QC006,WS013.01,1019424,736787,183.5146714671467,132.63492349234923
CO_TFTU000227,SC005,2024-08-21 07:48:00,2024-08-21 07:46:47,2024-08-21 07:48:00,2024-08-21 07:50:06,400317,72.06426642664266,198.76687668766877,0,0,RAIL001.62,WS013.01,1104150,703833,198.76687668766877,126.70261026102611
CO_TFTU000266,SC016,2024-08-21 08:04:00,2024-08-21 08:03:20,2024-08-21 08:04:00,2024-08-21 08:05:54,222193,39.9987398739874,154.55193519351934,0,0,QC005,WS013.01,858536,636343,154.55193519351934,114.55319531953195
CO_TFTU000269,SC018,2024-08-21 08:04:00,2024-08-21 08:03:05,2024-08-21 08:04:00,2024-08-21 08:06:12,302637,54.48010801080108,187.1150315031503,0,0,QC006,WS013.01,1039424,736787,187.1150315031503,132.63492349234923
CO_TFTU000274,SC007,2024-08-21 08:05:00,2024-08-21 08:03:45,2024-08-21 08:05:00,2024-08-21 08:07:12,412637,74.28208820882088,206.9170117011701,0,0,QC006,WS013.01,1149424,736787,206.9170117011701,132.63492349234923
CO_TFTU000021,SC009,2024-08-21 07:04:00,2024-08-21 07:02:31,2024-08-21 07:04:00,2024-08-21 07:06:39,492227,88.60972097209721,248.17353735373538,0,0,QC007,WS014.01,1378604,886377,248.17353735373538,159.56381638163816
CO_TFTU000028,SC020,2024-08-21 07:05:00,2024-08-21 07:03:51,2024-08-21 07:05:00,2024-08-21 07:07:39,382227,68.8077407740774,228.37155715571558,0,0,QC007,WS014.01,1268604,886377,228.37155715571558,159.56381638163816
CO_TFTU000042,SC010,2024-08-21 07:08:00,2024-08-21 07:06:51,2024-08-21 07:08:00,2024-08-21 07:10:21,382637,68.88154815481548,210.5173717371737,0,0,QC006,WS014.01,1169424,786787,210.5173717371737,141.63582358235823
CO_TFTU000048,SC020,2024-08-21 07:09:00,2024-08-21 07:08:09,2024-08-21 07:09:00,2024-08-21 07:11:21,282637,50.87974797479748,192.5155715571557,0,0,QC006,WS014.01,1069424,786787,192.5155715571557,141.63582358235823
CO_TFTU000083,SC020,2024-08-21 07:15:00,2024-08-21 07:14:09,2024-08-21 07:15:00,2024-08-21 07:17:21,282637,50.87974797479748,192.5155715571557,0,0,QC006,WS014.01,1069424,786787,192.5155715571557,141.63582358235823
CO_TFTU000084,SC010,2024-08-21 07:15:00,2024-08-21 07:13:33,2024-08-21 07:15:00,2024-08-21 07:17:39,482227,86.80954095409541,246.37335733573357,0,0,QC007,WS014.01,1368604,886377,246.37335733573357,159.56381638163816
CO_TFTU000092,SC017,2024-08-21 07:16:00,2024-08-21 07:15:03,2024-08-21 07:16:00,2024-08-21 07:18:21,312637,56.28028802880288,197.9161116111611,0,0,QC006,WS014.01,1099424,786787,197.9161116111611,141.63582358235823
CO_TFTU000110,SC004,2024-08-21 07:18:00,2024-08-21 07:16:25,2024-08-21 07:18:00,2024-08-21 07:19:51,522317,94.02646264626463,205.96759675967596,0,0,RAIL001.109,WS014.01,1144150,621833,205.96759675967596,111.94113411341134
CO_TFTU000112,SC013,2024-08-21 07:19:00,2024-08-21 07:18:32,2024-08-21 07:19:00,2024-08-21 07:20:59,152176,27.394419441944194,146.42268226822682,0,0,QC004,WS014.01,813378,661202,146.42268226822682,119.02826282628263
CO_TFTU000118,SC014,2024-08-21 07:20:00,2024-08-21 07:18:58,2024-08-21 07:20:00,2024-08-21 07:22:21,342637,61.68082808280828,203.31665166516652,0,0,QC006,WS014.01,1129424,786787,203.31665166516652,141.63582358235823
CO_TFTU000134,SC011,2024-08-21 07:24:00,2024-08-21 07:22:52,2024-08-21 07:24:00,2024-08-21 07:26:21,372637,67.08136813681368,208.71719171917192,0,0,QC006,WS014.01,1159424,786787,208.71719171917192,141.63582358235823
CO_TFTU000144,SC015,2024-08-21 07:25:00,2024-08-21 07:24:00,2024-08-21 07:25:00,2024-08-21 07:27:21,332637,59.88064806480648,201.5164716471647,0,0,QC006,WS014.01,1119424,786787,201.5164716471647,141.63582358235823
CO_TFTU000148,SC017,2024-08-21 07:27:00,2024-08-21 07:26:46,2024-08-21 07:27:00,2024-08-21 07:29:16,72657,13.07956795679568,150.0165616561656,0,0,QC003,WS014.01,833342,760685,150.0165616561656,136.93699369936994
CO_TFTU000172,SC019,2024-08-21 07:33:00,2024-08-21 07:32:07,2024-08-21 07:33:00,2024-08-21 07:35:21,292637,52.67992799279928,194.31575157515752,0,0,QC006,WS014.01,1079424,786787,194.31575157515752,141.63582358235823
CO_TFTU000183,SC013,2024-08-21 07:37:00,2024-08-21 07:35:38,2024-08-21 07:37:00,2024-08-21 07:39:39,452227,81.40900090009,240.97281728172817,0,0,QC007,WS014.01,1338604,886377,240.97281728172817,159.56381638163816
CO_TFTU000208,SC008,2024-08-21 07:44:00,2024-08-21 07:42:54,2024-08-21 07:44:00,2024-08-21 07:46:27,364317,65.58361836183619,213.16831683168317,0,0,RAIL001.40,WS014.01,1184150,819833,213.16831683168317,147.58469846984698
CO_TFTU000210,SC015,2024-08-21 07:45:00,2024-08-21 07:44:18,2024-08-21 07:45:00,2024-08-21 07:47:03,232193,41.7989198919892,165.35301530153015,0,0,QC005,WS014.01,918536,686343,165.35301530153015,123.55409540954095
CO_TFTU000224,SC009,2024-08-21 07:47:00,2024-08-21 07:45:31,2024-08-21 07:47:00,2024-08-21 07:49:39,492227,88.60972097209721,248.17353735373538,0,0,QC007,WS014.01,1378604,886377,248.17353735373538,159.56381638163816
CO_TFTU000228,SC011,2024-08-21 07:49:00,2024-08-21 07:48:11,2024-08-21 07:49:00,2024-08-21 07:51:03,272193,48.9996399639964,172.55373537353736,0,0,QC005,WS014.01,958536,686343,172.55373537353736,123.55409540954095
CO_TFTU000237,SC008,2024-08-21 07:53:00,2024-08-21 07:51:29,2024-08-21 07:53:00,2024-08-21 07:55:39,502227,90.409900990099,249.97371737173717,0,0,QC007,WS014.01,1388604,886377,249.97371737173717,159.56381638163816
CO_TFTU000240,SC014,2024-08-21 07:55:00,2024-08-21 07:54:16,2024-08-21 07:55:00,2024-08-21 07:57:03,242193,43.599099909991,167.15319531953196,0,0,QC005,WS014.01,928536,686343,167.15319531953196,123.55409540954095
CO_TFTU000249,SC020,2024-08-21 07:58:00,2024-08-21 07:57:09,2024-08-21 07:58:00,2024-08-21 08:00:21,282637,50.87974797479748,192.5155715571557,0,0,QC006,WS014.01,1069424,786787,192.5155715571557,141.63582358235823
CO_TFTU000275,SC010,2024-08-21 08:06:00,2024-08-21 08:05:45,2024-08-21 08:06:00,2024-08-21 08:08:16,82693,14.886228622862287,151.82322232223223,0,0,QC003,WS014.01,843378,760685,151.82322232223223,136.93699369936994
CO_TFTU000003,SC014,2024-08-21 07:00:00,2024-08-21 06:58:58,2024-08-21 07:00:00,2024-08-21 07:02:30,342637,61.68082808280828,212.31755175517551,0,0,QC006,WS015.01,1179424,836787,212.31755175517551,150.63672367236722
CO_TFTU000010,SC020,2024-08-21 07:02:00,2024-08-21 07:01:27,2024-08-21 07:02:00,2024-08-21 07:04:12,182193,32.798019801980196,165.35301530153015,0,0,QC005,WS015.01,918536,736343,165.35301530153015,132.55499549954996
CO_TFTU000023,SC014,2024-08-21 07:05:00,2024-08-21 07:04:52,2024-08-21 07:05:00,2024-08-21 07:07:25,42693,7.6855085508550856,153.62340234023404,0,0,QC003,WS015.01,853378,810685,153.62340234023404,145.93789378937893
CO_TFTU000044,SC016,2024-08-21 07:08:00,2024-08-21 07:06:43,2024-08-21 07:08:00,2024-08-21 07:10:48,422227,76.0084608460846,244.57317731773176,0,0,QC007,WS015.01,1358604,936377,244.57317731773176,168.56471647164716
CO_TFTU000049,SC016,2024-08-21 07:09:00,2024-08-21 07:08:01,2024-08-21 07:09:00,2024-08-21 07:11:30,322637,58.08046804680468,208.71719171917192,0,0,QC006,WS015.01,1159424,836787,208.71719171917192,150.63672367236722
CO_TFTU000050,SC017,2024-08-21 07:09:00,2024-08-21 07:07:45,2024-08-21 07:09:00,2024-08-21 07:11:48,412227,74.2082808280828,242.77299729972998,0,0,QC007,WS015.01,1348604,936377,242.77299729972998,168.56471647164716
CO_TFTU000055,SC019,2024-08-21 07:10:00,2024-08-21 07:08:49,2024-08-21 07:10:00,2024-08-21 07:12:48,392227,70.60792079207921,239.1726372637264,0,0,QC007,WS015.01,1328604,936377,239.1726372637264,168.56471647164716
CO_TFTU000076,SC007,2024-08-21 07:14:00,2024-08-21 07:13:39,2024-08-21 07:14:00,2024-08-21 07:16:25,112693,20.286768676867688,166.22466246624663,0,0,QC003,WS015.01,923378,810685,166.22466246624663,145.93789378937893
CO_TFTU000079,SC001,2024-08-21 07:14:00,2024-08-21 07:13:17,2024-08-21 07:14:00,2024-08-21 07:16:46,237317,42.72133213321332,209.56795679567958,0,0,RAIL001.21,WS015.01,1164150,926833,209.56795679567958,166.84662466246624
CO_TFTU000093,SC018,2024-08-21 07:16:00,2024-08-21 07:15:05,2024-08-21 07:16:00,2024-08-21 07:18:30,302637,54.48010801080108,205.11683168316833,0,0,QC006,WS015.01,1139424,836787,205.11683168316833,150.63672367236722
CO_TFTU000101,SC019,2024-08-21 07:17:00,2024-08-21 07:16:07,2024-08-21 07:17:00,2024-08-21 07:19:30,292637,52.67992799279928,203.31665166516652,0,0,QC006,WS015.01,1129424,836787,203.31665166516652,150.63672367236722
CO_TFTU000145,SC014,2024-08-21 07:25:00,2024-08-21 07:23:24,2024-08-21 07:25:00,2024-08-21 07:27:17,532317,95.82664266426643,232.97029702970298,0,0,RAIL001.76,WS015.01,1294150,761833,232.97029702970298,137.14365436543653
CO_TFTU000168,SC003,2024-08-21 07:31:00,2024-08-21 07:29:38,2024-08-21 07:31:00,2024-08-21 07:33:30,452637,81.48280828082808,232.11953195319532,0,0,QC006,WS015.01,1289424,836787,232.11953195319532,150.63672367236722
CO_TFTU000185,SC009,2024-08-21 07:38:00,2024-08-21 07:37:43,2024-08-21 07:38:00,2024-08-21 07:40:25,92693,16.686408640864087,162.62430243024303,0,0,QC003,WS015.01,903378,810685,162.62430243024303,145.93789378937893
CO_TFTU000188,SC017,2024-08-21 07:38:00,2024-08-21 07:37:21,2024-08-21 07:38:00,2024-08-21 07:40:12,212193,38.1985598559856,170.75355535553555,0,0,QC005,WS015.01,948536,736343,170.75355535553555,132.55499549954996
CO_TFTU000217,SC010,2024-08-21 07:46:00,2024-08-21 07:45:09,2024-08-21 07:46:00,2024-08-21 07:48:12,282193,50.7998199819982,183.35481548154814,0,0,QC005,WS015.01,1018536,736343,183.35481548154814,132.55499549954996
CO_TFTU000270,SC017,2024-08-21 08:04:00,2024-08-21 08:03:03,2024-08-21 08:04:00,2024-08-21 08:06:30,312637,56.28028802880288,206.9170117011701,0,0,QC006,WS015.01,1149424,836787,206.9170117011701,150.63672367236722
CO_TFTU000014,SC017,2024-08-21 07:02:00,2024-08-21 07:00:45,2024-08-21 07:02:00,2024-08-21 07:04:48,412227,74.2082808280828,242.77299729972998,0,0,QC007,WS015.01,1348604,936377,242.77299729972998,168.56471647164716
CO_TFTU000009,SC020,2024-08-21 07:01:00,2024-08-21 06:59:51,2024-08-21 07:01:00,2024-08-21 07:03:57,382227,68.8077407740774,246.37335733573357,0,0,QC007,WS016.01,1368604,986377,246.37335733573357,177.56561656165616
CO_TFTU000015,SC019,2024-08-21 07:03:00,2024-08-21 07:02:25,2024-08-21 07:03:00,2024-08-21 07:05:21,192193,34.598199819982,176.15409540954096,0,0,QC005,WS016.01,978536,786343,176.15409540954096,141.55589558955896
CO_TFTU000060,SC020,2024-08-21 07:11:00,2024-08-21 07:09:51,2024-08-21 07:11:00,2024-08-21 07:13:57,382227,68.8077407740774,246.37335733573357,0,0,QC007,WS016.01,1368604,986377,246.37335733573357,177.56561656165616
CO_TFTU000061,SC017,2024-08-21 07:11:00,2024-08-21 07:09:45,2024-08-21 07:11:00,2024-08-21 07:13:57,412227,74.2082808280828,251.77389738973898,0,0,QC007,WS016.01,1398604,986377,251.77389738973898,177.56561656165616
CO_TFTU000108,SC013,2024-08-21 07:18:00,2024-08-21 07:16:56,2024-08-21 07:18:00,2024-08-21 07:20:39,352637,63.48100810081008,223.11863186318632,0,0,QC006,WS016.01,1239424,886787,223.11863186318632,159.63762376237625
CO_TFTU000163,SC020,2024-08-21 07:30:00,2024-08-21 07:29:27,2024-08-21 07:30:00,2024-08-21 07:32:21,182193,32.798019801980196,174.35391539153915,0,0,QC005,WS016.01,968536,786343,174.35391539153915,141.55589558955896
CO_TFTU000206,SC006,2024-08-21 07:44:00,2024-08-21 07:42:25,2024-08-21 07:44:00,2024-08-21 07:46:57,522227,94.01026102610261,271.5758775877588,0,0,QC007,WS016.01,1508604,986377,271.5758775877588,177.56561656165616
CO_TFTU000219,SC017,2024-08-21 07:46:00,2024-08-21 07:44:45,2024-08-21 07:46:00,2024-08-21 07:48:57,412227,74.2082808280828,251.77389738973898,0,0,QC007,WS016.01,1398604,986377,251.77389738973898,177.56561656165616
CO_TFTU000261,SC020,2024-08-21 08:02:00,2024-08-21 08:00:51,2024-08-21 08:02:00,2024-08-21 08:04:57,382227,68.8077407740774,246.37335733573357,0,0,QC007,WS016.01,1368604,986377,246.37335733573357,177.56561656165616
CO_TFTU000265,SC020,2024-08-21 08:04:00,2024-08-21 08:03:27,2024-08-21 08:04:00,2024-08-21 08:06:21,182193,32.798019801980196,174.35391539153915,0,0,QC005,WS016.01,968536,786343,174.35391539153915,141.55589558955896
CO_TFTU000022,SC008,2024-08-21 07:05:00,2024-08-21 07:04:45,2024-08-21 07:05:00,2024-08-21 07:08:01,82657,14.87974797479748,196.82124212421243,0,0,QC001,WS017.01,1093342,1010685,196.82124212421243,181.94149414941495
CO_TFTU000041,SC015,2024-08-21 07:08:00,2024-08-21 07:07:18,2024-08-21 07:08:00,2024-08-21 07:10:30,232193,41.7989198919892,192.35571557155717,0,0,QC005,WS017.01,1068536,836343,192.35571557155717,150.55679567956795
CO_TFTU000058,SC020,2024-08-21 07:11:00,2024-08-21 07:10:27,2024-08-21 07:11:00,2024-08-21 07:13:30,182193,32.798019801980196,183.35481548154814,0,0,QC005,WS017.01,1018536,836343,183.35481548154814,150.55679567956795
CO_TFTU000077,SC003,2024-08-21 07:14:00,2024-08-21 07:13:32,2024-08-21 07:14:00,2024-08-21 07:16:43,152693,27.48748874887489,191.42718271827184,0,0,QC003,WS017.01,1063378,910685,191.42718271827184,163.93969396939693
CO_TFTU000178,SC020,2024-08-21 07:36:00,2024-08-21 07:35:09,2024-08-21 07:36:00,2024-08-21 07:38:48,282637,50.87974797479748,219.51827182718273,0,0,QC006,WS017.01,1219424,936787,219.51827182718273,168.63852385238525
CO_TFTU000198,SC010,2024-08-21 07:41:00,2024-08-21 07:39:33,2024-08-21 07:41:00,2024-08-21 07:44:06,482227,86.80954095409541,273.3760576057606,0,0,QC007,WS017.01,1518604,1036377,273.3760576057606,186.56651665166515
CO_TFTU000202,SC015,2024-08-21 07:43:00,2024-08-21 07:42:50,2024-08-21 07:43:00,2024-08-21 07:45:43,52657,9.47920792079208,173.418901890189,0,0,QC003,WS017.01,963342,910685,173.418901890189,163.93969396939693
CO_TFTU000204,SC017,2024-08-21 07:43:00,2024-08-21 07:42:21,2024-08-21 07:43:00,2024-08-21 07:45:30,212193,38.1985598559856,188.75535553555355,0,0,QC005,WS017.01,1048536,836343,188.75535553555355,150.55679567956795
CO_TFTU000216,SC009,2024-08-21 07:46:00,2024-08-21 07:45:07,2024-08-21 07:46:00,2024-08-21 07:48:30,292193,52.6,203.15679567956795,0,0,QC005,WS017.01,1128536,836343,203.15679567956795,150.55679567956795
CO_TFTU000236,SC002,2024-08-21 07:53:00,2024-08-21 07:51:36,2024-08-21 07:53:00,2024-08-21 07:55:48,462637,83.28298829882988,251.92151215121513,0,0,QC006,WS017.01,1399424,936787,251.92151215121513,168.63852385238525
CO_TFTU000243,SC012,2024-08-21 07:57:00,2024-08-21 07:55:36,2024-08-21 07:57:00,2024-08-21 08:00:06,462227,83.2091809180918,269.77569756975697,0,0,QC007,WS017.01,1498604,1036377,269.77569756975697,186.56651665166515
CO_TFTU000263,SC017,2024-08-21 08:03:00,2024-08-21 08:02:21,2024-08-21 08:03:00,2024-08-21 08:05:30,212193,38.1985598559856,188.75535553555355,0,0,QC005,WS017.01,1048536,836343,188.75535553555355,150.55679567956795
CO_TFTU000155,SC015,2024-08-21 07:28:00,2024-08-21 07:27:18,2024-08-21 07:28:00,2024-08-21 07:29:16,232193,41.7989198919892,117.80126012601261,0,0,QC005,YARD001.02,654386,422193,117.80126012601261,76.00234023402341
CO_TFTU000259,SC001,2024-08-21 08:02:00,2024-08-21 08:00:34,2024-08-21 08:02:00,2024-08-21 08:03:34,472637,85.08316831683169,179.16723672367237,0,0,QC006,YARD001.02,995274,522637,179.16723672367237,94.08406840684069
CO_TFTU000272,SC017,2024-08-21 08:05:00,2024-08-21 08:04:21,2024-08-21 08:05:00,2024-08-21 08:06:16,212193,38.1985598559856,114.200900090009,0,0,QC005,YARD001.02,634386,422193,114.200900090009,76.00234023402341
CO_TFTU000129,SC008,2024-08-21 07:23:00,2024-08-21 07:21:47,2024-08-21 07:23:00,2024-08-21 07:24:32,402637,72.48190819081908,164.76579657965797,0,0,QC006,YARD001.03,915274,512637,164.76579657965797,92.28388838883889
CO_TFTU000130,SC018,2024-08-21 07:23:00,2024-08-21 07:22:05,2024-08-21 07:23:00,2024-08-21 07:24:30,302637,54.48010801080108,144.96381638163817,0,0,QC006,YARD001.04,805274,502637,144.96381638163817,90.48370837083708
CO_TFTU000068,SC019,2024-08-21 07:12:00,2024-08-21 07:11:25,2024-08-21 07:12:00,2024-08-21 07:13:10,192193,34.598199819982,105.2,0,0,QC005,YARD001.05,584386,392193,105.2,70.601800180018
CO_TFTU000099,SC020,2024-08-21 07:17:00,2024-08-21 07:16:27,2024-08-21 07:17:00,2024-08-21 07:18:10,182193,32.798019801980196,103.3998199819982,0,0,QC005,YARD001.05,574386,392193,103.3998199819982,70.601800180018
CO_TFTU000063,SC011,2024-08-21 07:12:00,2024-08-21 07:11:46,2024-08-21 07:12:00,2024-08-21 07:12:29,72693,13.086048604860487,42.37371737173717,0,0,QC003,YARD001.10,235386,162693,42.37371737173717,29.28766876687669
CO_TFTU000072,SC014,2024-08-21 07:13:00,2024-08-21 07:12:16,2024-08-21 07:13:00,2024-08-21 07:13:58,242193,43.599099909991,101.5996399639964,0,0,QC005,YARD001.14,564386,322193,101.5996399639964,58.0005400540054
CO_TFTU000095,SC008,2024-08-21 07:17:00,2024-08-21 07:16:41,2024-08-21 07:17:00,2024-08-21 07:17:22,102693,18.486588658865887,40.573537353735375,0,0,QC003,YARD001.14,225386,122693,40.573537353735375,22.086948694869488
CO_TFTU000128,SC012,2024-08-21 07:23:00,2024-08-21 07:22:48,2024-08-21 07:23:00,2024-08-21 07:23:22,62693,11.285868586858685,33.372817281728175,0,0,QC003,YARD001.14,185386,122693,33.372817281728175,22.086948694869488
CO_TFTU000141,SC012,2024-08-21 07:25:00,2024-08-21 07:24:30,2024-08-21 07:25:00,2024-08-21 07:25:39,162176,29.194599459945994,69.19027902790279,0,0,QC004,YARD001.14,384352,222176,69.19027902790279,39.9956795679568
CO_TFTU000164,SC014,2024-08-21 07:30:00,2024-08-21 07:28:58,2024-08-21 07:30:00,2024-08-21 07:31:16,342637,61.68082808280828,137.76309630963095,0,0,QC006,YARD001.14,765274,422637,137.76309630963095,76.08226822682268
CO_TFTU000280,SC004,2024-08-21 08:07:00,2024-08-21 08:05:58,2024-08-21 08:07:00,2024-08-21 08:07:50,342193,61.600900090009,112.4007200720072,0,0,QC005,YARD001.18,624386,282193,112.4007200720072,50.7998199819982
CO_TFTU000004,SC020,2024-08-21 07:00:00,2024-08-21 06:59:09,2024-08-21 07:00:00,2024-08-21 07:01:07,282637,50.87974797479748,117.96111611161116,0,0,QC006,YARD001.19,655274,372637,117.96111611161116,67.08136813681368
CO_TFTU000075,SC019,2024-08-21 07:13:00,2024-08-21 07:12:07,2024-08-21 07:13:00,2024-08-21 07:14:07,292637,52.67992799279928,119.76129612961296,0,0,QC006,YARD001.19,665274,372637,119.76129612961296,67.08136813681368
CO_TFTU000045,SC010,2024-08-21 07:09:00,2024-08-21 07:08:45,2024-08-21 07:09:00,2024-08-21 07:09:11,82693,14.886228622862287,26.172097209720974,0,0,QC003,YARD001.20,145386,62693,26.172097209720974,11.285868586858685
CO_TFTU000114,SC020,2024-08-21 07:19:00,2024-08-21 07:18:09,2024-08-21 07:19:00,2024-08-21 07:20:05,282637,50.87974797479748,116.16093609360937,0,0,QC006,YARD001.20,645274,362637,116.16093609360937,65.28118811881188
CO_TFTU000247,SC020,2024-08-21 07:58:00,2024-08-21 07:57:27,2024-08-21 07:58:00,2024-08-21 07:58:45,182193,32.798019801980196,78.197299729973,0,0,QC005,YARD001.21,434386,252193,78.197299729973,45.3992799279928
CO_TFTU000254,SC010,2024-08-21 08:02:00,2024-08-21 08:01:27,2024-08-21 08:02:00,2024-08-21 08:02:27,182176,32.7949594959496,60.18937893789379,0,0,QC004,YARD001.21,334352,152176,60.18937893789379,27.394419441944194
CO_TFTU000074,SC020,2024-08-21 07:13:00,2024-08-21 07:12:27,2024-08-21 07:13:00,2024-08-21 07:13:39,182193,32.798019801980196,72.79675967596759,0,0,QC005,YARD001.24,404386,222193,72.79675967596759,39.9987398739874
CO_TFTU000152,SC020,2024-08-21 07:27:00,2024-08-21 07:26:09,2024-08-21 07:27:00,2024-08-21 07:27:58,282637,50.87974797479748,108.96021602160216,0,0,QC006,YARD001.24,605274,322637,108.96021602160216,58.08046804680468
CO_TFTU000262,SC013,2024-08-21 08:03:00,2024-08-21 08:02:50,2024-08-21 08:03:00,2024-08-21 08:03:11,52693,9.485688568856885,20.765076507650765,0,0,QC003,YARD001.24,115350,62657,20.765076507650765,11.27938793879388
CO_TFTU000032,SC017,2024-08-21 07:06:00,2024-08-21 07:05:21,2024-08-21 07:06:00,2024-08-21 07:06:38,212193,38.1985598559856,76.3971197119712,0,0,QC005,YARD001.25,424386,212193,76.3971197119712,38.1985598559856
CO_TFTU000251,SC020,2024-08-21 07:59:00,2024-08-21 07:58:27,2024-08-21 07:59:00,2024-08-21 07:59:38,182193,32.798019801980196,70.9965796579658,0,0,QC005,YARD001.25,394386,212193,70.9965796579658,38.1985598559856
CO_TFTU000283,SC018,2024-08-21 08:08:00,2024-08-21 08:07:45,2024-08-21 08:08:00,2024-08-21 08:08:13,82657,14.87974797479748,27.95931593159316,0,0,QC003,YARD001.25,155314,72657,27.95931593159316,13.07956795679568
CO_TFTU000244,SC019,2024-08-21 07:58:00,2024-08-21 07:57:43,2024-08-21 07:58:00,2024-08-21 07:58:14,92657,16.67992799279928,31.55967596759676,0,0,QC003,YARD001.26,175314,82657,31.55967596759676,14.87974797479748
CO_TFTU000260,SC017,2024-08-21 08:02:00,2024-08-21 08:01:03,2024-08-21 08:02:00,2024-08-21 08:02:54,312637,56.28028802880288,110.76039603960396,0,0,QC006,YARD001.26,615274,302637,110.76039603960396,54.48010801080108
CO_TFTU000096,SC013,2024-08-21 07:17:00,2024-08-21 07:16:50,2024-08-21 07:17:00,2024-08-21 07:17:16,52693,9.485688568856885,26.165616561656165,0,0,QC003,YARD001.27,145350,92657,26.165616561656165,16.67992799279928
CO_TFTU000104,SC017,2024-08-21 07:18:00,2024-08-21 07:17:21,2024-08-21 07:18:00,2024-08-21 07:18:34,212193,38.1985598559856,72.79675967596759,0,0,QC005,YARD001.27,404386,192193,72.79675967596759,34.598199819982
CO_TFTU000126,SC016,2024-08-21 07:22:00,2024-08-21 07:21:20,2024-08-21 07:22:00,2024-08-21 07:22:34,222193,39.9987398739874,74.5969396939694,0,0,QC005,YARD001.27,414386,192193,74.5969396939694,34.598199819982
CO_TFTU000139,SC002,2024-08-21 07:25:00,2024-08-21 07:24:30,2024-08-21 07:25:00,2024-08-21 07:25:16,162693,29.28766876687669,45.96759675967597,0,0,QC003,YARD001.27,255350,92657,45.96759675967597,16.67992799279928
CO_TFTU000246,SC019,2024-08-21 07:58:00,2024-08-21 07:57:43,2024-08-21 07:58:00,2024-08-21 07:58:16,92176,16.593339333933393,33.186678667866786,0,0,QC004,YARD001.27,184352,92176,33.186678667866786,16.593339333933393
CO_TFTU000277,SC010,2024-08-21 08:07:00,2024-08-21 08:06:27,2024-08-21 08:07:00,2024-08-21 08:07:16,182176,32.7949594959496,49.38829882988299,0,0,QC004,YARD001.27,274352,92176,49.38829882988299,16.593339333933393
CO_TFTU000127,SC012,2024-08-21 07:22:00,2024-08-21 07:20:54,2024-08-21 07:22:00,2024-08-21 07:22:49,362637,65.28118811881188,114.36075607560755,0,0,QC006,YARD001.29,635274,272637,114.36075607560755,49.07956795679568
CO_TFTU000137,SC016,2024-08-21 07:25:00,2024-08-21 07:24:48,2024-08-21 07:25:00,2024-08-21 07:25:20,62657,11.27938793879388,31.55967596759676,0,0,QC003,YARD001.29,175314,112657,31.55967596759676,20.28028802880288
CO_TFTU000066,SC019,2024-08-21 07:12:00,2024-08-21 07:11:43,2024-08-21 07:12:00,2024-08-21 07:12:09,92176,16.593339333933393,25.985958595859586,0,0,QC004,YARD001.31,144352,52176,25.985958595859586,9.392619261926193
CO_TFTU000082,SC016,2024-08-21 07:15:00,2024-08-21 07:14:20,2024-08-21 07:15:00,2024-08-21 07:15:27,222193,39.9987398739874,67.3962196219622,0,0,QC005,YARD001.31,374386,152193,67.3962196219622,27.3974797479748
CO_TFTU000111,SC020,2024-08-21 07:19:00,2024-08-21 07:18:45,2024-08-21 07:19:00,2024-08-21 07:19:09,82176,14.793159315931593,24.185778577857786,0,0,QC004,YARD001.31,134352,52176,24.185778577857786,9.392619261926193
CO_TFTU000132,SC015,2024-08-21 07:24:00,2024-08-21 07:23:50,2024-08-21 07:24:00,2024-08-21 07:24:23,52657,9.47920792079208,33.35985598559856,0,0,QC003,YARD001.31,185314,132657,33.35985598559856,23.88064806480648
CO_TFTU000252,SC018,2024-08-21 08:00:00,2024-08-21 07:59:45,2024-08-21 08:00:00,2024-08-21 08:00:23,82657,14.87974797479748,38.76039603960396,0,0,QC003,YARD001.31,215314,132657,38.76039603960396,23.88064806480648
CO_TFTU000273,SC019,2024-08-21 08:05:00,2024-08-21 08:04:25,2024-08-21 08:05:00,2024-08-21 08:05:27,192193,34.598199819982,61.9956795679568,0,0,QC005,YARD001.31,344386,152193,61.9956795679568,27.3974797479748
CO_TFTU000006,SC011,2024-08-21 07:01:00,2024-08-21 07:00:46,2024-08-21 07:01:00,2024-08-21 07:01:32,72693,13.086048604860487,45.96759675967597,0,0,QC003,YARD001.36,255350,182657,45.96759675967597,32.88154815481548
CO_TFTU000020,SC020,2024-08-21 07:04:00,2024-08-21 07:03:41,2024-08-21 07:04:00,2024-08-21 07:04:32,102657,18.48010801080108,51.36165616561656,0,0,QC003,YARD001.36,285314,182657,51.36165616561656,32.88154815481548
CO_TFTU000046,SC016,2024-08-21 07:09:00,2024-08-21 07:08:48,2024-08-21 07:09:00,2024-08-21 07:09:32,62657,11.27938793879388,44.16093609360936,0,0,QC003,YARD001.36,245314,182657,44.16093609360936,32.88154815481548
CO_TFTU000070,SC015,2024-08-21 07:12:00,2024-08-21 07:10:42,2024-08-21 07:12:00,2024-08-21 07:12:54,432227,77.80864086408641,132.21494149414943,0,0,QC007,YARD001.36,734454,302227,132.21494149414943,54.40630063006301
CO_TFTU000120,SC017,2024-08-21 07:20:00,2024-08-21 07:18:45,2024-08-21 07:20:00,2024-08-21 07:20:54,412227,74.2082808280828,128.6145814581458,0,0,QC007,YARD001.36,714454,302227,128.6145814581458,54.40630063006301
CO_TFTU000133,SC009,2024-08-21 07:24:00,2024-08-21 07:23:07,2024-08-21 07:24:00,2024-08-21 07:24:18,292193,52.6,70.9965796579658,0,0,QC005,YARD001.36,394386,102193,70.9965796579658,18.3965796579658
CO_TFTU000257,SC007,2024-08-21 08:02:00,2024-08-21 08:00:45,2024-08-21 08:02:00,2024-08-21 08:02:36,412637,74.28208820882088,110.76039603960396,0,0,QC006,YARD001.36,615274,202637,110.76039603960396,36.47830783078308
CO_TFTU000267,SC018,2024-08-21 08:04:00,2024-08-21 08:03:23,2024-08-21 08:04:00,2024-08-21 08:04:16,202193,36.398379837983796,52.994779477947795,0,0,QC005,YARD001.37,294386,92193,52.994779477947795,16.596399639963998
CO_TFTU000138,SC011,2024-08-21 07:25:00,2024-08-21 07:24:46,2024-08-21 07:25:00,2024-08-21 07:25:36,72693,13.086048604860487,49.56795679567957,0,0,QC003,YARD001.38,275350,202657,49.56795679567957,36.481908190819084
CO_TFTU000248,SC016,2024-08-21 07:58:00,2024-08-21 07:57:20,2024-08-21 07:58:00,2024-08-21 07:58:14,222193,39.9987398739874,54.7949594959496,0,0,QC005,YARD001.38,304386,82193,54.7949594959496,14.796219621962196
CO_TFTU000284,SC012,2024-08-21 08:08:00,2024-08-21 08:07:30,2024-08-21 08:08:00,2024-08-21 08:08:22,162176,29.194599459945994,51.36813681368137,0,0,QC004,YARD001.40,285350,123174,51.36813681368137,22.173537353735373
CO_TFTU000089,SC017,2024-08-21 07:16:00,2024-08-21 07:15:21,2024-08-21 07:16:00,2024-08-21 07:16:11,212193,38.1985598559856,49.56795679567957,0,0,QC005,YARD001.44,275350,63157,49.56795679567957,11.369396939693969
CO_TFTU000113,SC019,2024-08-21 07:19:00,2024-08-21 07:18:25,2024-08-21 07:19:00,2024-08-21 07:19:11,192193,34.598199819982,45.96759675967597,0,0,QC005,YARD001.44,255350,63157,45.96759675967597,11.369396939693969
CO_TFTU000064,SC017,2024-08-21 07:12:00,2024-08-21 07:11:46,2024-08-21 07:12:00,2024-08-21 07:12:49,72657,13.07956795679568,62.16273627362736,0,0,QC003,YARD001.45,345314,272657,62.16273627362736,49.08316831683168
CO_TFTU000052,SC004,2024-08-21 07:10:00,2024-08-21 07:08:58,2024-08-21 07:10:00,2024-08-21 07:10:14,342193,61.600900090009,76.57065706570657,0,0,QC005,YARD001.46,425350,83157,76.57065706570657,14.96975697569757
CO_TFTU000165,SC009,2024-08-21 07:31:00,2024-08-21 07:30:43,2024-08-21 07:31:00,2024-08-21 07:31:54,92693,16.686408640864087,71.17011701170117,0,0,QC003,YARD001.48,395350,302657,71.17011701170117,54.483708370837086
CO_TFTU000100,SC014,2024-08-21 07:17:00,2024-08-21 07:16:16,2024-08-21 07:17:00,2024-08-21 07:17:22,242193,43.599099909991,65.76957695769578,0,0,QC005,YARD001.50,365350,123157,65.76957695769578,22.17047704770477
CO_TFTU000142,SC018,2024-08-21 07:25:00,2024-08-21 07:24:05,2024-08-21 07:25:00,2024-08-21 07:25:11,302637,54.48010801080108,65.75589558955896,0,0,QC006,YARD001.50,365274,62637,65.75589558955896,11.275787578757877
CO_TFTU000147,SC012,2024-08-21 07:26:00,2024-08-21 07:25:12,2024-08-21 07:26:00,2024-08-21 07:26:23,262193,47.1994599459946,71.17011701170117,0,0,QC005,YARD001.51,395350,133157,71.17011701170117,23.970657065706572
CO_TFTU000090,SC019,2024-08-21 07:16:00,2024-08-21 07:15:07,2024-08-21 07:16:00,2024-08-21 07:16:07,292637,52.67992799279928,60.36903690369037,0,0,QC006,YARD001.52,335350,42713,60.36903690369037,7.689108910891089
CO_TFTU000026,SC006,2024-08-21 07:05:00,2024-08-21 07:03:43,2024-08-21 07:05:00,2024-08-21 07:05:11,422637,76.08226822682268,87.37173717371738,0,0,QC006,YARD001.54,485350,62713,87.37173717371738,11.28946894689469
CO_TFTU000019,SC015,2024-08-21 07:04:00,2024-08-21 07:03:50,2024-08-21 07:04:00,2024-08-21 07:05:07,52657,9.47920792079208,76.56417641764176,0,0,QC003,YARD001.55,425314,372657,76.56417641764176,67.08496849684968
CO_TFTU000151,SC016,2024-08-21 07:27:00,2024-08-21 07:26:01,2024-08-21 07:27:00,2024-08-21 07:27:16,322637,58.08046804680468,74.77047704770477,0,0,QC006,YARD001.57,415350,92713,74.77047704770477,16.69000900090009
CO_TFTU000166,SC004,2024-08-21 07:31:00,2024-08-21 07:30:34,2024-08-21 07:31:00,2024-08-21 07:32:10,142693,25.687308730873088,96.37263726372638,0,0,QC003,YARD001.57,535350,392657,96.37263726372638,70.68532853285329
CO_TFTU000059,SC014,2024-08-21 07:11:00,2024-08-21 07:09:58,2024-08-21 07:11:00,2024-08-21 07:11:18,342637,61.68082808280828,80.17101710171018,0,0,QC006,YARD001.58,445350,102713,80.17101710171018,18.49018901890189
CO_TFTU000005,SC006,2024-08-21 07:01:00,2024-08-21 07:00:37,2024-08-21 07:01:00,2024-08-21 07:02:14,122693,22.086948694869488,96.37263726372638,0,0,QC003,YARD001.59,535350,412657,96.37263726372638,74.28568856885688
CO_TFTU000097,SC003,2024-08-21 07:17:00,2024-08-21 07:16:32,2024-08-21 07:17:00,2024-08-21 07:18:19,152693,27.48748874887489,107.17371737173717,0,0,QC003,YARD001.62,595350,442657,107.17371737173717,79.68622862286229
