task_id,sc_id,time_first_known,sc_start_time,container_start_time,finish_time,distance_to_container,time_to_container,travel_time,idle_time,origin_location,destination_location,sc_total_distance,container_distance
CO_TFTU000033,SC001,2024-08-21 07:06:00,2024-08-21 07:04:44,2024-08-21 07:06:00,2024-08-21 07:07:39,417317,75.12457245724572,174.7045904590459,0,RAIL001.81,WS003.01,970484,553167
CO_TFTU000039,SC001,2024-08-21 07:07:00,2024-08-21 07:06:28,2024-08-21 07:07:00,2024-08-21 07:08:27,177317,31.92025202520252,119.55895589558956,0,RAIL001.01,WS003.01,664150,486833
CO_TFTU000085,SC001,2024-08-21 07:15:00,2024-08-21 07:13:53,2024-08-21 07:15:00,2024-08-21 07:16:30,369317,66.48370837083708,157.42286228622862,0,RAIL001.65,WS003.01,874484,505167
CO_TFTU000094,SC001,2024-08-21 07:16:00,2024-08-21 07:15:28,2024-08-21 07:16:00,2024-08-21 07:17:27,177317,31.92025202520252,119.55895589558956,0,RAIL001.01,WS003.01,664150,486833
CO_TFTU000131,SC001,2024-08-21 07:23:00,2024-08-21 07:22:17,2024-08-21 07:23:00,2024-08-21 07:24:17,234317,42.18127812781278,119.55895589558956,0,RAIL001.20,WS003.01,664150,429833
CO_TFTU000179,SC001,2024-08-21 07:36:00,2024-08-21 07:35:05,2024-08-21 07:36:00,2024-08-21 07:37:19,303317,54.6025202520252,133.66048604860487,0,RAIL001.43,WS003.01,742484,439167
CO_TFTU000207,SC001,2024-08-21 07:44:00,2024-08-21 07:43:28,2024-08-21 07:44:00,2024-08-21 07:45:27,177317,31.92025202520252,119.55895589558956,0,RAIL001.01,WS003.01,664150,486833
CO_TFTU000286,SC001,2024-08-21 08:08:00,2024-08-21 08:06:38,2024-08-21 08:08:00,2024-08-21 08:09:46,453317,81.6052205220522,187.66588658865888,0,RAIL001.93,WS003.01,1042484,589167
CO_TFTU000115,SC001,2024-08-21 07:19:00,2024-08-21 07:18:20,2024-08-21 07:19:00,2024-08-21 07:20:29,219317,39.48100810081008,128.55985598559855,0,RAIL001.15,WS004.01,714150,494833
CO_TFTU000029,SC001,2024-08-21 07:05:00,2024-08-21 07:03:47,2024-08-21 07:05:00,2024-08-21 07:06:18,402317,72.42430243024303,151.3022502250225,0,RAIL001.76,WS007.01,840484,438167
CO_TFTU000157,SC001,2024-08-21 07:28:00,2024-08-21 07:26:34,2024-08-21 07:28:00,2024-08-21 07:29:14,477317,85.92565256525653,160.3031503150315,0,RAIL001.101,WS009.01,890484,413167
CO_TFTU000229,SC001,2024-08-21 07:49:00,2024-08-21 07:48:01,2024-08-21 07:49:00,2024-08-21 07:50:46,324317,58.38289828982898,164.56345634563456,0,RAIL001.50,WS010.01,914150,589833
CO_TFTU000109,SC001,2024-08-21 07:18:00,2024-08-21 07:17:27,2024-08-21 07:18:00,2024-08-21 07:20:21,180317,32.46030603060306,173.56435643564356,0,RAIL001.02,WS011.01,964150,783833
CO_TFTU000209,SC001,2024-08-21 07:44:00,2024-08-21 07:42:38,2024-08-21 07:44:00,2024-08-21 07:45:41,450317,81.06516651665167,182.56525652565256,0,RAIL001.92,WS012.01,1014150,563833
CO_TFTU000227,SC001,2024-08-21 07:48:00,2024-08-21 07:46:55,2024-08-21 07:48:00,2024-08-21 07:50:06,360317,64.86354635463546,191.56615661566155,0,RAIL001.62,WS013.01,1064150,703833
CO_TFTU000110,SC001,2024-08-21 07:18:00,2024-08-21 07:16:31,2024-08-21 07:18:00,2024-08-21 07:19:51,492317,88.62592259225923,200.56705670567058,0,RAIL001.109,WS014.01,1114150,621833
CO_TFTU000208,SC001,2024-08-21 07:44:00,2024-08-21 07:43:07,2024-08-21 07:44:00,2024-08-21 07:46:27,294317,52.98235823582358,200.56705670567058,0,RAIL001.40,WS014.01,1114150,819833
CO_TFTU000079,SC001,2024-08-21 07:14:00,2024-08-21 07:13:17,2024-08-21 07:14:00,2024-08-21 07:16:46,237317,42.72133213321332,209.56795679567958,0,RAIL001.21,WS015.01,1164150,926833
CO_TFTU000145,SC001,2024-08-21 07:25:00,2024-08-21 07:23:47,2024-08-21 07:25:00,2024-08-21 07:27:17,402317,72.42430243024303,209.56795679567958,0,RAIL001.76,WS015.01,1164150,761833
CO_TFTU000062,SC004,2024-08-21 07:12:00,2024-08-21 07:11:52,2024-08-21 07:12:00,2024-08-21 07:13:04,42693,7.6855085508550856,72.61530153015302,0,QC001,WS002.01,403378,360685
CO_TFTU000080,SC004,2024-08-21 07:15:00,2024-08-21 07:14:52,2024-08-21 07:15:00,2024-08-21 07:16:04,42693,7.6855085508550856,72.61530153015302,0,QC001,WS002.01,403378,360685
CO_TFTU000195,SC004,2024-08-21 07:41:00,2024-08-21 07:40:52,2024-08-21 07:41:00,2024-08-21 07:42:04,42693,7.6855085508550856,72.61530153015302,0,QC001,WS002.01,403378,360685
CO_TFTU000220,SC004,2024-08-21 07:47:00,2024-08-21 07:46:52,2024-08-21 07:47:00,2024-08-21 07:48:04,42693,7.6855085508550856,72.61530153015302,0,QC001,WS002.01,403378,360685
CO_TFTU000271,SC004,2024-08-21 08:05:00,2024-08-21 08:04:52,2024-08-21 08:05:00,2024-08-21 08:06:04,42693,7.6855085508550856,72.61530153015302,0,QC001,WS002.01,403378,360685
CO_TFTU000173,SC004,2024-08-21 07:34:00,2024-08-21 07:33:52,2024-08-21 07:34:00,2024-08-21 07:35:13,42693,7.6855085508550856,81.61620162016202,0,QC001,WS003.01,453378,410685
CO_TFTU000234,SC004,2024-08-21 07:53:00,2024-08-21 07:52:52,2024-08-21 07:53:00,2024-08-21 07:54:13,42693,7.6855085508550856,81.61620162016202,0,QC001,WS003.01,453378,410685
CO_TFTU000282,SC004,2024-08-21 08:08:00,2024-08-21 08:07:52,2024-08-21 08:08:00,2024-08-21 08:09:13,42693,7.6855085508550856,81.61620162016202,0,QC001,WS003.01,453378,410685
CO_TFTU000081,SC004,2024-08-21 07:15:00,2024-08-21 07:14:52,2024-08-21 07:15:00,2024-08-21 07:16:22,42693,7.6855085508550856,90.61710171017101,0,QC001,WS004.01,503378,460685
CO_TFTU000001,SC004,2024-08-21 07:00:00,2024-08-21 06:59:52,2024-08-21 07:00:00,2024-08-21 07:01:31,42693,7.6855085508550856,99.61800180018002,0,QC001,WS007.01,553378,510685
CO_TFTU000213,SC004,2024-08-21 07:46:00,2024-08-21 07:45:52,2024-08-21 07:46:00,2024-08-21 07:47:40,42693,7.6855085508550856,108.61890189018902,0,QC001,WS008.01,603378,560685
CO_TFTU000022,SC004,2024-08-21 07:05:00,2024-08-21 07:04:52,2024-08-21 07:05:00,2024-08-21 07:08:01,42693,7.6855085508550856,189.62700270027003,0,QC001,WS017.01,1053378,1010685
CO_TFTU000121,SC014,2024-08-21 07:21:00,2024-08-21 07:20:52,2024-08-21 07:21:00,2024-08-21 07:21:37,42693,7.6855085508550856,45.61260126012601,0,QC003,WS001.01,253378,210685
CO_TFTU000175,SC014,2024-08-21 07:35:00,2024-08-21 07:34:52,2024-08-21 07:35:00,2024-08-21 07:35:37,42693,7.6855085508550856,45.61260126012601,0,QC003,WS001.01,253378,210685
CO_TFTU000034,SC014,2024-08-21 07:07:00,2024-08-21 07:06:52,2024-08-21 07:07:00,2024-08-21 07:07:46,42693,7.6855085508550856,54.61350135013501,0,QC003,WS002.01,303378,260685
CO_TFTU000086,SC014,2024-08-21 07:16:00,2024-08-21 07:15:52,2024-08-21 07:16:00,2024-08-21 07:16:46,42693,7.6855085508550856,54.61350135013501,0,QC003,WS002.01,303378,260685
CO_TFTU000189,SC014,2024-08-21 07:39:00,2024-08-21 07:38:52,2024-08-21 07:39:00,2024-08-21 07:39:46,42693,7.6855085508550856,54.61350135013501,0,QC003,WS002.01,303378,260685
CO_TFTU000196,SC014,2024-08-21 07:41:00,2024-08-21 07:40:52,2024-08-21 07:41:00,2024-08-21 07:41:46,42693,7.6855085508550856,54.61350135013501,0,QC003,WS002.01,303378,260685
CO_TFTU000221,SC014,2024-08-21 07:47:00,2024-08-21 07:46:52,2024-08-21 07:47:00,2024-08-21 07:47:46,42693,7.6855085508550856,54.61350135013501,0,QC003,WS002.01,303378,260685
CO_TFTU000103,SC014,2024-08-21 07:18:00,2024-08-21 07:17:52,2024-08-21 07:18:00,2024-08-21 07:18:55,42693,7.6855085508550856,63.614401440144015,0,QC003,WS003.01,353378,310685
CO_TFTU000184,SC014,2024-08-21 07:38:00,2024-08-21 07:37:52,2024-08-21 07:38:00,2024-08-21 07:38:55,42693,7.6855085508550856,63.614401440144015,0,QC003,WS003.01,353378,310685
CO_TFTU000191,SC014,2024-08-21 07:40:00,2024-08-21 07:39:52,2024-08-21 07:40:00,2024-08-21 07:40:55,42693,7.6855085508550856,63.614401440144015,0,QC003,WS003.01,353378,310685
CO_TFTU000186,SC014,2024-08-21 07:38:00,2024-08-21 07:37:52,2024-08-21 07:38:00,2024-08-21 07:38:55,42693,7.6855085508550856,63.614401440144015,0,QC003,WS003.01,353378,310685
CO_TFTU000065,SC014,2024-08-21 07:12:00,2024-08-21 07:11:52,2024-08-21 07:12:00,2024-08-21 07:13:04,42693,7.6855085508550856,72.61530153015302,0,QC003,WS004.01,403378,360685
CO_TFTU000098,SC014,2024-08-21 07:17:00,2024-08-21 07:16:52,2024-08-21 07:17:00,2024-08-21 07:18:04,42693,7.6855085508550856,72.61530153015302,0,QC003,WS004.01,403378,360685
CO_TFTU000122,SC014,2024-08-21 07:21:00,2024-08-21 07:20:52,2024-08-21 07:21:00,2024-08-21 07:22:04,42693,7.6855085508550856,72.61530153015302,0,QC003,WS004.01,403378,360685
CO_TFTU000140,SC014,2024-08-21 07:25:00,2024-08-21 07:24:52,2024-08-21 07:25:00,2024-08-21 07:26:04,42693,7.6855085508550856,72.61530153015302,0,QC003,WS004.01,403378,360685
CO_TFTU000160,SC014,2024-08-21 07:30:00,2024-08-21 07:29:52,2024-08-21 07:30:00,2024-08-21 07:31:04,42693,7.6855085508550856,72.61530153015302,0,QC003,WS004.01,403378,360685
CO_TFTU000007,SC014,2024-08-21 07:01:00,2024-08-21 07:00:52,2024-08-21 07:01:00,2024-08-21 07:02:13,42693,7.6855085508550856,81.61620162016202,0,QC003,WS007.01,453378,410685
CO_TFTU000008,SC014,2024-08-21 07:01:00,2024-08-21 07:00:52,2024-08-21 07:01:00,2024-08-21 07:02:13,42693,7.6855085508550856,81.61620162016202,0,QC003,WS007.01,453378,410685
CO_TFTU000146,SC014,2024-08-21 07:26:00,2024-08-21 07:25:52,2024-08-21 07:26:00,2024-08-21 07:27:13,42693,7.6855085508550856,81.61620162016202,0,QC003,WS007.01,453378,410685
CO_TFTU000222,SC014,2024-08-21 07:47:00,2024-08-21 07:46:52,2024-08-21 07:47:00,2024-08-21 07:48:13,42693,7.6855085508550856,81.61620162016202,0,QC003,WS007.01,453378,410685
CO_TFTU000176,SC014,2024-08-21 07:35:00,2024-08-21 07:34:52,2024-08-21 07:35:00,2024-08-21 07:36:22,42693,7.6855085508550856,90.61710171017101,0,QC003,WS008.01,503378,460685
CO_TFTU000018,SC014,2024-08-21 07:04:00,2024-08-21 07:03:52,2024-08-21 07:04:00,2024-08-21 07:05:58,42693,7.6855085508550856,126.62070207020702,0,QC003,WS012.01,703378,660685
CO_TFTU000030,SC014,2024-08-21 07:06:00,2024-08-21 07:05:52,2024-08-21 07:06:00,2024-08-21 07:07:58,42693,7.6855085508550856,126.62070207020702,0,QC003,WS012.01,703378,660685
CO_TFTU000148,SC014,2024-08-21 07:27:00,2024-08-21 07:26:52,2024-08-21 07:27:00,2024-08-21 07:29:16,42693,7.6855085508550856,144.622502250225,0,QC003,WS014.01,803378,760685
CO_TFTU000275,SC014,2024-08-21 08:06:00,2024-08-21 08:05:52,2024-08-21 08:06:00,2024-08-21 08:08:16,42693,7.6855085508550856,144.622502250225,0,QC003,WS014.01,803378,760685
CO_TFTU000023,SC014,2024-08-21 07:05:00,2024-08-21 07:04:52,2024-08-21 07:05:00,2024-08-21 07:07:25,42693,7.6855085508550856,153.62340234023404,0,QC003,WS015.01,853378,810685
CO_TFTU000076,SC014,2024-08-21 07:14:00,2024-08-21 07:13:52,2024-08-21 07:14:00,2024-08-21 07:16:25,42693,7.6855085508550856,153.62340234023404,0,QC003,WS015.01,853378,810685
CO_TFTU000185,SC014,2024-08-21 07:38:00,2024-08-21 07:37:52,2024-08-21 07:38:00,2024-08-21 07:40:25,42693,7.6855085508550856,153.62340234023404,0,QC003,WS015.01,853378,810685
CO_TFTU000077,SC014,2024-08-21 07:14:00,2024-08-21 07:13:52,2024-08-21 07:14:00,2024-08-21 07:16:43,42693,7.6855085508550856,171.62520252025203,0,QC003,WS017.01,953378,910685
CO_TFTU000202,SC014,2024-08-21 07:43:00,2024-08-21 07:42:52,2024-08-21 07:43:00,2024-08-21 07:45:43,42693,7.6855085508550856,171.62520252025203,0,QC003,WS017.01,953378,910685
CO_TFTU000063,SC014,2024-08-21 07:12:00,2024-08-21 07:11:52,2024-08-21 07:12:00,2024-08-21 07:12:29,42693,7.6855085508550856,36.973177317731775,0,QC003,YARD001.10,205386,162693
CO_TFTU000095,SC014,2024-08-21 07:17:00,2024-08-21 07:16:52,2024-08-21 07:17:00,2024-08-21 07:17:22,42693,7.6855085508550856,29.772457245724574,0,QC003,YARD001.14,165386,122693
CO_TFTU000128,SC014,2024-08-21 07:23:00,2024-08-21 07:22:52,2024-08-21 07:23:00,2024-08-21 07:23:22,42693,7.6855085508550856,29.772457245724574,0,QC003,YARD001.14,165386,122693
CO_TFTU000045,SC014,2024-08-21 07:09:00,2024-08-21 07:08:52,2024-08-21 07:09:00,2024-08-21 07:09:11,42693,7.6855085508550856,18.97137713771377,0,QC003,YARD001.20,105386,62693
CO_TFTU000262,SC014,2024-08-21 08:03:00,2024-08-21 08:02:52,2024-08-21 08:03:00,2024-08-21 08:03:11,42693,7.6855085508550856,18.964896489648964,0,QC003,YARD001.24,105350,62657
CO_TFTU000283,SC014,2024-08-21 08:08:00,2024-08-21 08:07:52,2024-08-21 08:08:00,2024-08-21 08:08:13,42693,7.6855085508550856,20.765076507650765,0,QC003,YARD001.25,115350,72657
CO_TFTU000244,SC014,2024-08-21 07:58:00,2024-08-21 07:57:52,2024-08-21 07:58:00,2024-08-21 07:58:14,42693,7.6855085508550856,22.565256525652565,0,QC003,YARD001.26,125350,82657
CO_TFTU000096,SC014,2024-08-21 07:17:00,2024-08-21 07:16:52,2024-08-21 07:17:00,2024-08-21 07:17:16,42693,7.6855085508550856,24.365436543654365,0,QC003,YARD001.27,135350,92657
CO_TFTU000139,SC014,2024-08-21 07:25:00,2024-08-21 07:24:52,2024-08-21 07:25:00,2024-08-21 07:25:16,42693,7.6855085508550856,24.365436543654365,0,QC003,YARD001.27,135350,92657
CO_TFTU000137,SC014,2024-08-21 07:25:00,2024-08-21 07:24:52,2024-08-21 07:25:00,2024-08-21 07:25:20,42693,7.6855085508550856,27.965796579657965,0,QC003,YARD001.29,155350,112657
CO_TFTU000132,SC014,2024-08-21 07:24:00,2024-08-21 07:23:52,2024-08-21 07:24:00,2024-08-21 07:24:23,42693,7.6855085508550856,31.566156615661566,0,QC003,YARD001.31,175350,132657
CO_TFTU000252,SC014,2024-08-21 08:00:00,2024-08-21 07:59:52,2024-08-21 08:00:00,2024-08-21 08:00:23,42693,7.6855085508550856,31.566156615661566,0,QC003,YARD001.31,175350,132657
CO_TFTU000006,SC014,2024-08-21 07:01:00,2024-08-21 07:00:52,2024-08-21 07:01:00,2024-08-21 07:01:32,42693,7.6855085508550856,40.567056705670566,0,QC003,YARD001.36,225350,182657
CO_TFTU000020,SC014,2024-08-21 07:04:00,2024-08-21 07:03:52,2024-08-21 07:04:00,2024-08-21 07:04:32,42693,7.6855085508550856,40.567056705670566,0,QC003,YARD001.36,225350,182657
CO_TFTU000046,SC014,2024-08-21 07:09:00,2024-08-21 07:08:52,2024-08-21 07:09:00,2024-08-21 07:09:32,42693,7.6855085508550856,40.567056705670566,0,QC003,YARD001.36,225350,182657
CO_TFTU000138,SC014,2024-08-21 07:25:00,2024-08-21 07:24:52,2024-08-21 07:25:00,2024-08-21 07:25:36,42693,7.6855085508550856,44.16741674167417,0,QC003,YARD001.38,245350,202657
CO_TFTU000064,SC014,2024-08-21 07:12:00,2024-08-21 07:11:52,2024-08-21 07:12:00,2024-08-21 07:12:49,42693,7.6855085508550856,56.76867686768677,0,QC003,YARD001.45,315350,272657
CO_TFTU000165,SC014,2024-08-21 07:31:00,2024-08-21 07:30:52,2024-08-21 07:31:00,2024-08-21 07:31:54,42693,7.6855085508550856,62.16921692169217,0,QC003,YARD001.48,345350,302657
CO_TFTU000019,SC014,2024-08-21 07:04:00,2024-08-21 07:03:52,2024-08-21 07:04:00,2024-08-21 07:05:07,42693,7.6855085508550856,74.77047704770477,0,QC003,YARD001.55,415350,372657
CO_TFTU000166,SC014,2024-08-21 07:31:00,2024-08-21 07:30:52,2024-08-21 07:31:00,2024-08-21 07:32:10,42693,7.6855085508550856,78.37083708370837,0,QC003,YARD001.57,435350,392657
CO_TFTU000005,SC014,2024-08-21 07:01:00,2024-08-21 07:00:52,2024-08-21 07:01:00,2024-08-21 07:02:14,42693,7.6855085508550856,81.97119711971197,0,QC003,YARD001.59,455350,412657
CO_TFTU000097,SC014,2024-08-21 07:17:00,2024-08-21 07:16:52,2024-08-21 07:17:00,2024-08-21 07:18:19,42693,7.6855085508550856,87.37173717371738,0,QC003,YARD001.62,485350,442657
CO_TFTU000067,SC020,2024-08-21 07:12:00,2024-08-21 07:11:27,2024-08-21 07:12:00,2024-08-21 07:12:24,182193,32.798019801980196,57.34221422142214,0,QC005,WS001.01,318536,136343
CO_TFTU000156,SC020,2024-08-21 07:28:00,2024-08-21 07:27:09,2024-08-21 07:28:00,2024-08-21 07:28:42,282637,50.87974797479748,93.50567056705671,0,QC006,WS001.01,519424,236787
CO_TFTU000211,SC020,2024-08-21 07:45:00,2024-08-21 07:44:27,2024-08-21 07:45:00,2024-08-21 07:45:24,182193,32.798019801980196,57.34221422142214,0,QC005,WS001.01,318536,136343
CO_TFTU000235,SC020,2024-08-21 07:53:00,2024-08-21 07:52:27,2024-08-21 07:53:00,2024-08-21 07:53:24,182193,32.798019801980196,57.34221422142214,0,QC005,WS001.01,318536,136343
CO_TFTU000239,SC020,2024-08-21 07:55:00,2024-08-21 07:54:27,2024-08-21 07:55:00,2024-08-21 07:55:24,182193,32.798019801980196,57.34221422142214,0,QC005,WS001.01,318536,136343
CO_TFTU000253,SC020,2024-08-21 08:01:00,2024-08-21 08:00:27,2024-08-21 08:01:00,2024-08-21 08:01:24,182193,32.798019801980196,57.34221422142214,0,QC005,WS001.01,318536,136343
CO_TFTU000264,SC020,2024-08-21 08:04:00,2024-08-21 08:03:27,2024-08-21 08:04:00,2024-08-21 08:04:24,182193,32.798019801980196,57.34221422142214,0,QC005,WS001.01,318536,136343
CO_TFTU000125,SC020,2024-08-21 07:21:00,2024-08-21 07:20:27,2024-08-21 07:21:00,2024-08-21 07:21:24,182193,32.798019801980196,57.34221422142214,0,QC005,WS001.01,318536,136343
CO_TFTU000069,SC020,2024-08-21 07:12:00,2024-08-21 07:11:09,2024-08-21 07:12:00,2024-08-21 07:12:51,282637,50.87974797479748,102.50657065706571,0,QC006,WS002.01,569424,286787
CO_TFTU000071,SC020,2024-08-21 07:13:00,2024-08-21 07:12:27,2024-08-21 07:13:00,2024-08-21 07:13:33,182193,32.798019801980196,66.34311431143114,0,QC005,WS002.01,368536,186343
CO_TFTU000107,SC020,2024-08-21 07:18:00,2024-08-21 07:17:09,2024-08-21 07:18:00,2024-08-21 07:18:51,282637,50.87974797479748,102.50657065706571,0,QC006,WS002.01,569424,286787
CO_TFTU000116,SC020,2024-08-21 07:20:00,2024-08-21 07:19:27,2024-08-21 07:20:00,2024-08-21 07:20:33,182193,32.798019801980196,66.34311431143114,0,QC005,WS002.01,368536,186343
CO_TFTU000233,SC020,2024-08-21 07:52:00,2024-08-21 07:50:51,2024-08-21 07:52:00,2024-08-21 07:53:09,382227,68.8077407740774,138.36255625562555,0,QC007,WS002.01,768604,386377
CO_TFTU000256,SC020,2024-08-21 08:02:00,2024-08-21 08:01:27,2024-08-21 08:02:00,2024-08-21 08:02:33,182193,32.798019801980196,66.34311431143114,0,QC005,WS002.01,368536,186343
CO_TFTU000012,SC020,2024-08-21 07:02:00,2024-08-21 07:01:09,2024-08-21 07:02:00,2024-08-21 07:02:51,282637,50.87974797479748,102.50657065706571,0,QC006,WS002.01,569424,286787
CO_TFTU000047,SC020,2024-08-21 07:09:00,2024-08-21 07:08:27,2024-08-21 07:09:00,2024-08-21 07:09:42,182193,32.798019801980196,75.34401440144015,0,QC005,WS003.01,418536,236343
CO_TFTU000051,SC020,2024-08-21 07:10:00,2024-08-21 07:09:27,2024-08-21 07:10:00,2024-08-21 07:10:42,182193,32.798019801980196,75.34401440144015,0,QC005,WS003.01,418536,236343
CO_TFTU000053,SC020,2024-08-21 07:10:00,2024-08-21 07:09:09,2024-08-21 07:10:00,2024-08-21 07:11:00,282637,50.87974797479748,111.5074707470747,0,QC006,WS003.01,619424,336787
CO_TFTU000056,SC020,2024-08-21 07:11:00,2024-08-21 07:10:45,2024-08-21 07:11:00,2024-08-21 07:11:38,82176,14.793159315931593,52.813321332133214,0,QC004,WS003.01,293378,211202
CO_TFTU000117,SC020,2024-08-21 07:20:00,2024-08-21 07:19:27,2024-08-21 07:20:00,2024-08-21 07:20:42,182193,32.798019801980196,75.34401440144015,0,QC005,WS003.01,418536,236343
CO_TFTU000153,SC020,2024-08-21 07:28:00,2024-08-21 07:27:45,2024-08-21 07:28:00,2024-08-21 07:28:38,82176,14.793159315931593,52.813321332133214,0,QC004,WS003.01,293378,211202
CO_TFTU000187,SC020,2024-08-21 07:38:00,2024-08-21 07:37:27,2024-08-21 07:38:00,2024-08-21 07:38:42,182193,32.798019801980196,75.34401440144015,0,QC005,WS003.01,418536,236343
CO_TFTU000199,SC020,2024-08-21 07:42:00,2024-08-21 07:41:27,2024-08-21 07:42:00,2024-08-21 07:42:42,182193,32.798019801980196,75.34401440144015,0,QC005,WS003.01,418536,236343
CO_TFTU000200,SC020,2024-08-21 07:42:00,2024-08-21 07:41:27,2024-08-21 07:42:00,2024-08-21 07:42:42,182193,32.798019801980196,75.34401440144015,0,QC005,WS003.01,418536,236343
CO_TFTU000212,SC020,2024-08-21 07:45:00,2024-08-21 07:44:27,2024-08-21 07:45:00,2024-08-21 07:45:42,182193,32.798019801980196,75.34401440144015,0,QC005,WS003.01,418536,236343
CO_TFTU000214,SC020,2024-08-21 07:46:00,2024-08-21 07:45:27,2024-08-21 07:46:00,2024-08-21 07:46:42,182193,32.798019801980196,75.34401440144015,0,QC005,WS003.01,418536,236343
CO_TFTU000225,SC020,2024-08-21 07:48:00,2024-08-21 07:47:27,2024-08-21 07:48:00,2024-08-21 07:48:42,182193,32.798019801980196,75.34401440144015,0,QC005,WS003.01,418536,236343
CO_TFTU000226,SC020,2024-08-21 07:48:00,2024-08-21 07:47:27,2024-08-21 07:48:00,2024-08-21 07:48:42,182193,32.798019801980196,75.34401440144015,0,QC005,WS003.01,418536,236343
CO_TFTU000242,SC020,2024-08-21 07:57:00,2024-08-21 07:56:27,2024-08-21 07:57:00,2024-08-21 07:57:42,182193,32.798019801980196,75.34401440144015,0,QC005,WS003.01,418536,236343
CO_TFTU000255,SC020,2024-08-21 08:02:00,2024-08-21 08:01:27,2024-08-21 08:02:00,2024-08-21 08:02:42,182193,32.798019801980196,75.34401440144015,0,QC005,WS003.01,418536,236343
CO_TFTU000276,SC020,2024-08-21 08:06:00,2024-08-21 08:05:27,2024-08-21 08:06:00,2024-08-21 08:06:42,182193,32.798019801980196,75.34401440144015,0,QC005,WS003.01,418536,236343
CO_TFTU000038,SC020,2024-08-21 07:07:00,2024-08-21 07:05:51,2024-08-21 07:07:00,2024-08-21 07:08:27,382227,68.8077407740774,156.36435643564357,0,QC007,WS004.01,868604,486377
CO_TFTU000123,SC020,2024-08-21 07:21:00,2024-08-21 07:20:45,2024-08-21 07:21:00,2024-08-21 07:21:47,82176,14.793159315931593,61.81422142214221,0,QC004,WS004.01,343378,261202
CO_TFTU000149,SC020,2024-08-21 07:27:00,2024-08-21 07:26:27,2024-08-21 07:27:00,2024-08-21 07:27:51,182193,32.798019801980196,84.34491449144915,0,QC005,WS004.01,468536,286343
CO_TFTU000192,SC020,2024-08-21 07:40:00,2024-08-21 07:39:45,2024-08-21 07:40:00,2024-08-21 07:40:47,82176,14.793159315931593,61.81422142214221,0,QC004,WS004.01,343378,261202
CO_TFTU000238,SC020,2024-08-21 07:54:00,2024-08-21 07:53:27,2024-08-21 07:54:00,2024-08-21 07:54:51,182193,32.798019801980196,84.34491449144915,0,QC005,WS004.01,468536,286343
CO_TFTU000245,SC020,2024-08-21 07:58:00,2024-08-21 07:57:45,2024-08-21 07:58:00,2024-08-21 07:58:47,82176,14.793159315931593,61.81422142214221,0,QC004,WS004.01,343378,261202
CO_TFTU000024,SC020,2024-08-21 07:05:00,2024-08-21 07:04:27,2024-08-21 07:05:00,2024-08-21 07:06:00,182193,32.798019801980196,93.34581458145814,0,QC005,WS007.01,518536,336343
CO_TFTU000027,SC020,2024-08-21 07:05:00,2024-08-21 07:04:09,2024-08-21 07:05:00,2024-08-21 07:06:18,282637,50.87974797479748,129.5092709270927,0,QC006,WS007.01,719424,436787
CO_TFTU000190,SC020,2024-08-21 07:39:00,2024-08-21 07:37:51,2024-08-21 07:39:00,2024-08-21 07:40:36,382227,68.8077407740774,165.36525652565257,0,QC007,WS007.01,918604,536377
CO_TFTU000230,SC020,2024-08-21 07:50:00,2024-08-21 07:49:09,2024-08-21 07:50:00,2024-08-21 07:51:18,282637,50.87974797479748,129.5092709270927,0,QC006,WS007.01,719424,436787
CO_TFTU000232,SC020,2024-08-21 07:51:00,2024-08-21 07:50:27,2024-08-21 07:51:00,2024-08-21 07:52:00,182193,32.798019801980196,93.34581458145814,0,QC005,WS007.01,518536,336343
CO_TFTU000250,SC020,2024-08-21 07:59:00,2024-08-21 07:58:27,2024-08-21 07:59:00,2024-08-21 08:00:00,182193,32.798019801980196,93.34581458145814,0,QC005,WS007.01,518536,336343
CO_TFTU000278,SC020,2024-08-21 08:07:00,2024-08-21 08:06:27,2024-08-21 08:07:00,2024-08-21 08:08:00,182193,32.798019801980196,93.34581458145814,0,QC005,WS007.01,518536,336343
CO_TFTU000017,SC020,2024-08-21 07:03:00,2024-08-21 07:02:27,2024-08-21 07:03:00,2024-08-21 07:04:00,182193,32.798019801980196,93.34581458145814,0,QC005,WS007.01,518536,336343
CO_TFTU000102,SC020,2024-08-21 07:17:00,2024-08-21 07:16:09,2024-08-21 07:17:00,2024-08-21 07:18:27,282637,50.87974797479748,138.5101710171017,0,QC006,WS008.01,769424,486787
CO_TFTU000119,SC020,2024-08-21 07:20:00,2024-08-21 07:19:09,2024-08-21 07:20:00,2024-08-21 07:21:27,282637,50.87974797479748,138.5101710171017,0,QC006,WS008.01,769424,486787
CO_TFTU000124,SC020,2024-08-21 07:21:00,2024-08-21 07:20:27,2024-08-21 07:21:00,2024-08-21 07:22:09,182193,32.798019801980196,102.34671467146714,0,QC005,WS008.01,568536,386343
CO_TFTU000135,SC020,2024-08-21 07:24:00,2024-08-21 07:23:09,2024-08-21 07:24:00,2024-08-21 07:25:27,282637,50.87974797479748,138.5101710171017,0,QC006,WS008.01,769424,486787
CO_TFTU000154,SC020,2024-08-21 07:28:00,2024-08-21 07:27:27,2024-08-21 07:28:00,2024-08-21 07:29:09,182193,32.798019801980196,102.34671467146714,0,QC005,WS008.01,568536,386343
CO_TFTU000161,SC020,2024-08-21 07:30:00,2024-08-21 07:29:27,2024-08-21 07:30:00,2024-08-21 07:31:09,182193,32.798019801980196,102.34671467146714,0,QC005,WS008.01,568536,386343
CO_TFTU000181,SC020,2024-08-21 07:37:00,2024-08-21 07:36:27,2024-08-21 07:37:00,2024-08-21 07:38:09,182193,32.798019801980196,102.34671467146714,0,QC005,WS008.01,568536,386343
CO_TFTU000193,SC020,2024-08-21 07:40:00,2024-08-21 07:39:27,2024-08-21 07:40:00,2024-08-21 07:41:09,182193,32.798019801980196,102.34671467146714,0,QC005,WS008.01,568536,386343
CO_TFTU000203,SC020,2024-08-21 07:43:00,2024-08-21 07:42:27,2024-08-21 07:43:00,2024-08-21 07:44:09,182193,32.798019801980196,102.34671467146714,0,QC005,WS008.01,568536,386343
CO_TFTU000223,SC020,2024-08-21 07:47:00,2024-08-21 07:46:27,2024-08-21 07:47:00,2024-08-21 07:48:09,182193,32.798019801980196,102.34671467146714,0,QC005,WS008.01,568536,386343
CO_TFTU000231,SC020,2024-08-21 07:51:00,2024-08-21 07:50:27,2024-08-21 07:51:00,2024-08-21 07:52:09,182193,32.798019801980196,102.34671467146714,0,QC005,WS008.01,568536,386343
CO_TFTU000258,SC020,2024-08-21 08:02:00,2024-08-21 08:01:09,2024-08-21 08:02:00,2024-08-21 08:03:27,282637,50.87974797479748,138.5101710171017,0,QC006,WS008.01,769424,486787
CO_TFTU000281,SC020,2024-08-21 08:07:00,2024-08-21 08:06:09,2024-08-21 08:07:00,2024-08-21 08:08:27,282637,50.87974797479748,138.5101710171017,0,QC006,WS008.01,769424,486787
CO_TFTU000241,SC020,2024-08-21 07:56:00,2024-08-21 07:55:45,2024-08-21 07:56:00,2024-08-21 07:57:14,82176,14.793159315931593,88.81692169216922,0,QC004,WS009.01,493378,411202
CO_TFTU000016,SC020,2024-08-21 07:03:00,2024-08-21 07:02:27,2024-08-21 07:03:00,2024-08-21 07:04:27,182193,32.798019801980196,120.34851485148515,0,QC005,WS010.01,668536,486343
CO_TFTU000035,SC020,2024-08-21 07:07:00,2024-08-21 07:06:27,2024-08-21 07:07:00,2024-08-21 07:08:27,182193,32.798019801980196,120.34851485148515,0,QC005,WS010.01,668536,486343
CO_TFTU000036,SC020,2024-08-21 07:07:00,2024-08-21 07:06:27,2024-08-21 07:07:00,2024-08-21 07:08:27,182193,32.798019801980196,120.34851485148515,0,QC005,WS010.01,668536,486343
CO_TFTU000037,SC020,2024-08-21 07:07:00,2024-08-21 07:06:09,2024-08-21 07:07:00,2024-08-21 07:08:45,282637,50.87974797479748,156.51197119711972,0,QC006,WS010.01,869424,586787
CO_TFTU000043,SC020,2024-08-21 07:08:00,2024-08-21 07:07:09,2024-08-21 07:08:00,2024-08-21 07:09:45,282637,50.87974797479748,156.51197119711972,0,QC006,WS010.01,869424,586787
CO_TFTU000073,SC020,2024-08-21 07:13:00,2024-08-21 07:12:27,2024-08-21 07:13:00,2024-08-21 07:14:27,182193,32.798019801980196,120.34851485148515,0,QC005,WS010.01,668536,486343
CO_TFTU000087,SC020,2024-08-21 07:16:00,2024-08-21 07:15:27,2024-08-21 07:16:00,2024-08-21 07:17:27,182193,32.798019801980196,120.34851485148515,0,QC005,WS010.01,668536,486343
CO_TFTU000105,SC020,2024-08-21 07:18:00,2024-08-21 07:17:27,2024-08-21 07:18:00,2024-08-21 07:19:27,182193,32.798019801980196,120.34851485148515,0,QC005,WS010.01,668536,486343
CO_TFTU000106,SC020,2024-08-21 07:18:00,2024-08-21 07:17:27,2024-08-21 07:18:00,2024-08-21 07:19:27,182193,32.798019801980196,120.34851485148515,0,QC005,WS010.01,668536,486343
CO_TFTU000143,SC020,2024-08-21 07:25:00,2024-08-21 07:24:09,2024-08-21 07:25:00,2024-08-21 07:26:45,282637,50.87974797479748,156.51197119711972,0,QC006,WS010.01,869424,586787
CO_TFTU000158,SC020,2024-08-21 07:29:00,2024-08-21 07:28:45,2024-08-21 07:29:00,2024-08-21 07:30:23,82176,14.793159315931593,97.81782178217821,0,QC004,WS010.01,543378,461202
CO_TFTU000170,SC020,2024-08-21 07:33:00,2024-08-21 07:32:09,2024-08-21 07:33:00,2024-08-21 07:34:45,282637,50.87974797479748,156.51197119711972,0,QC006,WS010.01,869424,586787
CO_TFTU000174,SC020,2024-08-21 07:34:00,2024-08-21 07:33:27,2024-08-21 07:34:00,2024-08-21 07:35:27,182193,32.798019801980196,120.34851485148515,0,QC005,WS010.01,668536,486343
CO_TFTU000215,SC020,2024-08-21 07:46:00,2024-08-21 07:45:27,2024-08-21 07:46:00,2024-08-21 07:47:27,182193,32.798019801980196,120.34851485148515,0,QC005,WS010.01,668536,486343
CO_TFTU000167,SC020,2024-08-21 07:31:00,2024-08-21 07:30:27,2024-08-21 07:31:00,2024-08-21 07:32:36,182193,32.798019801980196,129.34941494149416,0,QC005,WS011.01,718536,536343
CO_TFTU000002,SC020,2024-08-21 07:00:00,2024-08-21 06:59:27,2024-08-21 07:00:00,2024-08-21 07:01:45,182193,32.798019801980196,138.35031503150316,0,QC005,WS012.01,768536,586343
CO_TFTU000025,SC020,2024-08-21 07:05:00,2024-08-21 07:04:09,2024-08-21 07:05:00,2024-08-21 07:07:03,282637,50.87974797479748,174.51377137713772,0,QC006,WS012.01,969424,686787
CO_TFTU000031,SC020,2024-08-21 07:06:00,2024-08-21 07:05:45,2024-08-21 07:06:00,2024-08-21 07:07:41,82176,14.793159315931593,115.81962196219622,0,QC004,WS012.01,643378,561202
CO_TFTU000040,SC020,2024-08-21 07:08:00,2024-08-21 07:07:27,2024-08-21 07:08:00,2024-08-21 07:09:45,182193,32.798019801980196,138.35031503150316,0,QC005,WS012.01,768536,586343
CO_TFTU000057,SC020,2024-08-21 07:11:00,2024-08-21 07:10:27,2024-08-21 07:11:00,2024-08-21 07:12:45,182193,32.798019801980196,138.35031503150316,0,QC005,WS012.01,768536,586343
CO_TFTU000091,SC020,2024-08-21 07:16:00,2024-08-21 07:15:09,2024-08-21 07:16:00,2024-08-21 07:18:03,282637,50.87974797479748,174.51377137713772,0,QC006,WS012.01,969424,686787
CO_TFTU000159,SC020,2024-08-21 07:29:00,2024-08-21 07:28:45,2024-08-21 07:29:00,2024-08-21 07:30:41,82176,14.793159315931593,115.81962196219622,0,QC004,WS012.01,643378,561202
CO_TFTU000162,SC020,2024-08-21 07:30:00,2024-08-21 07:29:27,2024-08-21 07:30:00,2024-08-21 07:31:45,182193,32.798019801980196,138.35031503150316,0,QC005,WS012.01,768536,586343
CO_TFTU000177,SC020,2024-08-21 07:35:00,2024-08-21 07:33:51,2024-08-21 07:35:00,2024-08-21 07:37:21,382227,68.8077407740774,210.36975697569758,0,QC007,WS012.01,1168604,786377
CO_TFTU000180,SC020,2024-08-21 07:37:00,2024-08-21 07:36:45,2024-08-21 07:37:00,2024-08-21 07:38:41,82176,14.793159315931593,115.81962196219622,0,QC004,WS012.01,643378,561202
CO_TFTU000182,SC020,2024-08-21 07:37:00,2024-08-21 07:36:09,2024-08-21 07:37:00,2024-08-21 07:39:03,282637,50.87974797479748,174.51377137713772,0,QC006,WS012.01,969424,686787
CO_TFTU000194,SC020,2024-08-21 07:40:00,2024-08-21 07:39:09,2024-08-21 07:40:00,2024-08-21 07:42:03,282637,50.87974797479748,174.51377137713772,0,QC006,WS012.01,969424,686787
CO_TFTU000201,SC020,2024-08-21 07:42:00,2024-08-21 07:41:27,2024-08-21 07:42:00,2024-08-21 07:43:45,182193,32.798019801980196,138.35031503150316,0,QC005,WS012.01,768536,586343
CO_TFTU000218,SC020,2024-08-21 07:46:00,2024-08-21 07:44:51,2024-08-21 07:46:00,2024-08-21 07:48:21,382227,68.8077407740774,210.36975697569758,0,QC007,WS012.01,1168604,786377
CO_TFTU000268,SC020,2024-08-21 08:04:00,2024-08-21 08:03:09,2024-08-21 08:04:00,2024-08-21 08:06:03,282637,50.87974797479748,174.51377137713772,0,QC006,WS012.01,969424,686787
CO_TFTU000279,SC020,2024-08-21 08:07:00,2024-08-21 08:06:27,2024-08-21 08:07:00,2024-08-21 08:08:45,182193,32.798019801980196,138.35031503150316,0,QC005,WS012.01,768536,586343
CO_TFTU000285,SC020,2024-08-21 08:08:00,2024-08-21 08:07:27,2024-08-21 08:08:00,2024-08-21 08:09:45,182193,32.798019801980196,138.35031503150316,0,QC005,WS012.01,768536,586343
CO_TFTU000013,SC020,2024-08-21 07:02:00,2024-08-21 07:01:09,2024-08-21 07:02:00,2024-08-21 07:04:03,282637,50.87974797479748,174.51377137713772,0,QC006,WS012.01,969424,686787
CO_TFTU000011,SC020,2024-08-21 07:02:00,2024-08-21 07:01:27,2024-08-21 07:02:00,2024-08-21 07:03:54,182193,32.798019801980196,147.35121512151215,0,QC005,WS013.01,818536,636343
CO_TFTU000054,SC020,2024-08-21 07:10:00,2024-08-21 07:08:51,2024-08-21 07:10:00,2024-08-21 07:12:30,382227,68.8077407740774,219.37065706570658,0,QC007,WS013.01,1218604,836377
CO_TFTU000078,SC020,2024-08-21 07:14:00,2024-08-21 07:12:51,2024-08-21 07:14:00,2024-08-21 07:16:30,382227,68.8077407740774,219.37065706570658,0,QC007,WS013.01,1218604,836377
CO_TFTU000088,SC020,2024-08-21 07:16:00,2024-08-21 07:15:27,2024-08-21 07:16:00,2024-08-21 07:17:54,182193,32.798019801980196,147.35121512151215,0,QC005,WS013.01,818536,636343
CO_TFTU000136,SC020,2024-08-21 07:24:00,2024-08-21 07:23:09,2024-08-21 07:24:00,2024-08-21 07:26:12,282637,50.87974797479748,183.5146714671467,0,QC006,WS013.01,1019424,736787
CO_TFTU000150,SC020,2024-08-21 07:27:00,2024-08-21 07:26:27,2024-08-21 07:27:00,2024-08-21 07:28:54,182193,32.798019801980196,147.35121512151215,0,QC005,WS013.01,818536,636343
CO_TFTU000169,SC020,2024-08-21 07:32:00,2024-08-21 07:31:27,2024-08-21 07:32:00,2024-08-21 07:33:54,182193,32.798019801980196,147.35121512151215,0,QC005,WS013.01,818536,636343
CO_TFTU000171,SC020,2024-08-21 07:33:00,2024-08-21 07:32:09,2024-08-21 07:33:00,2024-08-21 07:35:12,282637,50.87974797479748,183.5146714671467,0,QC006,WS013.01,1019424,736787
CO_TFTU000197,SC020,2024-08-21 07:41:00,2024-08-21 07:40:27,2024-08-21 07:41:00,2024-08-21 07:42:54,182193,32.798019801980196,147.35121512151215,0,QC005,WS013.01,818536,636343
CO_TFTU000205,SC020,2024-08-21 07:43:00,2024-08-21 07:42:09,2024-08-21 07:43:00,2024-08-21 07:45:12,282637,50.87974797479748,183.5146714671467,0,QC006,WS013.01,1019424,736787
CO_TFTU000266,SC020,2024-08-21 08:04:00,2024-08-21 08:03:27,2024-08-21 08:04:00,2024-08-21 08:05:54,182193,32.798019801980196,147.35121512151215,0,QC005,WS013.01,818536,636343
CO_TFTU000269,SC020,2024-08-21 08:04:00,2024-08-21 08:03:09,2024-08-21 08:04:00,2024-08-21 08:06:12,282637,50.87974797479748,183.5146714671467,0,QC006,WS013.01,1019424,736787
CO_TFTU000274,SC020,2024-08-21 08:05:00,2024-08-21 08:04:09,2024-08-21 08:05:00,2024-08-21 08:07:12,282637,50.87974797479748,183.5146714671467,0,QC006,WS013.01,1019424,736787
CO_TFTU000021,SC020,2024-08-21 07:04:00,2024-08-21 07:02:51,2024-08-21 07:04:00,2024-08-21 07:06:39,382227,68.8077407740774,228.37155715571558,0,QC007,WS014.01,1268604,886377
CO_TFTU000028,SC020,2024-08-21 07:05:00,2024-08-21 07:03:51,2024-08-21 07:05:00,2024-08-21 07:07:39,382227,68.8077407740774,228.37155715571558,0,QC007,WS014.01,1268604,886377
CO_TFTU000042,SC020,2024-08-21 07:08:00,2024-08-21 07:07:09,2024-08-21 07:08:00,2024-08-21 07:10:21,282637,50.87974797479748,192.5155715571557,0,QC006,WS014.01,1069424,786787
CO_TFTU000048,SC020,2024-08-21 07:09:00,2024-08-21 07:08:09,2024-08-21 07:09:00,2024-08-21 07:11:21,282637,50.87974797479748,192.5155715571557,0,QC006,WS014.01,1069424,786787
CO_TFTU000083,SC020,2024-08-21 07:15:00,2024-08-21 07:14:09,2024-08-21 07:15:00,2024-08-21 07:17:21,282637,50.87974797479748,192.5155715571557,0,QC006,WS014.01,1069424,786787
CO_TFTU000084,SC020,2024-08-21 07:15:00,2024-08-21 07:13:51,2024-08-21 07:15:00,2024-08-21 07:17:39,382227,68.8077407740774,228.37155715571558,0,QC007,WS014.01,1268604,886377
CO_TFTU000092,SC020,2024-08-21 07:16:00,2024-08-21 07:15:09,2024-08-21 07:16:00,2024-08-21 07:18:21,282637,50.87974797479748,192.5155715571557,0,QC006,WS014.01,1069424,786787
CO_TFTU000112,SC020,2024-08-21 07:19:00,2024-08-21 07:18:45,2024-08-21 07:19:00,2024-08-21 07:20:59,82176,14.793159315931593,133.82142214221423,0,QC004,WS014.01,743378,661202
CO_TFTU000118,SC020,2024-08-21 07:20:00,2024-08-21 07:19:09,2024-08-21 07:20:00,2024-08-21 07:22:21,282637,50.87974797479748,192.5155715571557,0,QC006,WS014.01,1069424,786787
CO_TFTU000134,SC020,2024-08-21 07:24:00,2024-08-21 07:23:09,2024-08-21 07:24:00,2024-08-21 07:26:21,282637,50.87974797479748,192.5155715571557,0,QC006,WS014.01,1069424,786787
CO_TFTU000144,SC020,2024-08-21 07:25:00,2024-08-21 07:24:09,2024-08-21 07:25:00,2024-08-21 07:27:21,282637,50.87974797479748,192.5155715571557,0,QC006,WS014.01,1069424,786787
CO_TFTU000172,SC020,2024-08-21 07:33:00,2024-08-21 07:32:09,2024-08-21 07:33:00,2024-08-21 07:35:21,282637,50.87974797479748,192.5155715571557,0,QC006,WS014.01,1069424,786787
CO_TFTU000183,SC020,2024-08-21 07:37:00,2024-08-21 07:35:51,2024-08-21 07:37:00,2024-08-21 07:39:39,382227,68.8077407740774,228.37155715571558,0,QC007,WS014.01,1268604,886377
CO_TFTU000210,SC020,2024-08-21 07:45:00,2024-08-21 07:44:27,2024-08-21 07:45:00,2024-08-21 07:47:03,182193,32.798019801980196,156.35211521152115,0,QC005,WS014.01,868536,686343
CO_TFTU000224,SC020,2024-08-21 07:47:00,2024-08-21 07:45:51,2024-08-21 07:47:00,2024-08-21 07:49:39,382227,68.8077407740774,228.37155715571558,0,QC007,WS014.01,1268604,886377
CO_TFTU000228,SC020,2024-08-21 07:49:00,2024-08-21 07:48:27,2024-08-21 07:49:00,2024-08-21 07:51:03,182193,32.798019801980196,156.35211521152115,0,QC005,WS014.01,868536,686343
CO_TFTU000237,SC020,2024-08-21 07:53:00,2024-08-21 07:51:51,2024-08-21 07:53:00,2024-08-21 07:55:39,382227,68.8077407740774,228.37155715571558,0,QC007,WS014.01,1268604,886377
CO_TFTU000240,SC020,2024-08-21 07:55:00,2024-08-21 07:54:27,2024-08-21 07:55:00,2024-08-21 07:57:03,182193,32.798019801980196,156.35211521152115,0,QC005,WS014.01,868536,686343
CO_TFTU000249,SC020,2024-08-21 07:58:00,2024-08-21 07:57:09,2024-08-21 07:58:00,2024-08-21 08:00:21,282637,50.87974797479748,192.5155715571557,0,QC006,WS014.01,1069424,786787
CO_TFTU000003,SC020,2024-08-21 07:00:00,2024-08-21 06:59:09,2024-08-21 07:00:00,2024-08-21 07:02:30,282637,50.87974797479748,201.5164716471647,0,QC006,WS015.01,1119424,836787
CO_TFTU000010,SC020,2024-08-21 07:02:00,2024-08-21 07:01:27,2024-08-21 07:02:00,2024-08-21 07:04:12,182193,32.798019801980196,165.35301530153015,0,QC005,WS015.01,918536,736343
CO_TFTU000044,SC020,2024-08-21 07:08:00,2024-08-21 07:06:51,2024-08-21 07:08:00,2024-08-21 07:10:48,382227,68.8077407740774,237.37245724572458,0,QC007,WS015.01,1318604,936377
CO_TFTU000049,SC020,2024-08-21 07:09:00,2024-08-21 07:08:09,2024-08-21 07:09:00,2024-08-21 07:11:30,282637,50.87974797479748,201.5164716471647,0,QC006,WS015.01,1119424,836787
CO_TFTU000050,SC020,2024-08-21 07:09:00,2024-08-21 07:07:51,2024-08-21 07:09:00,2024-08-21 07:11:48,382227,68.8077407740774,237.37245724572458,0,QC007,WS015.01,1318604,936377
CO_TFTU000055,SC020,2024-08-21 07:10:00,2024-08-21 07:08:51,2024-08-21 07:10:00,2024-08-21 07:12:48,382227,68.8077407740774,237.37245724572458,0,QC007,WS015.01,1318604,936377
CO_TFTU000093,SC020,2024-08-21 07:16:00,2024-08-21 07:15:09,2024-08-21 07:16:00,2024-08-21 07:18:30,282637,50.87974797479748,201.5164716471647,0,QC006,WS015.01,1119424,836787
CO_TFTU000101,SC020,2024-08-21 07:17:00,2024-08-21 07:16:09,2024-08-21 07:17:00,2024-08-21 07:19:30,282637,50.87974797479748,201.5164716471647,0,QC006,WS015.01,1119424,836787
CO_TFTU000168,SC020,2024-08-21 07:31:00,2024-08-21 07:30:09,2024-08-21 07:31:00,2024-08-21 07:33:30,282637,50.87974797479748,201.5164716471647,0,QC006,WS015.01,1119424,836787
CO_TFTU000188,SC020,2024-08-21 07:38:00,2024-08-21 07:37:27,2024-08-21 07:38:00,2024-08-21 07:40:12,182193,32.798019801980196,165.35301530153015,0,QC005,WS015.01,918536,736343
CO_TFTU000217,SC020,2024-08-21 07:46:00,2024-08-21 07:45:27,2024-08-21 07:46:00,2024-08-21 07:48:12,182193,32.798019801980196,165.35301530153015,0,QC005,WS015.01,918536,736343
CO_TFTU000270,SC020,2024-08-21 08:04:00,2024-08-21 08:03:09,2024-08-21 08:04:00,2024-08-21 08:06:30,282637,50.87974797479748,201.5164716471647,0,QC006,WS015.01,1119424,836787
CO_TFTU000014,SC020,2024-08-21 07:02:00,2024-08-21 07:00:51,2024-08-21 07:02:00,2024-08-21 07:04:48,382227,68.8077407740774,237.37245724572458,0,QC007,WS015.01,1318604,936377
CO_TFTU000009,SC020,2024-08-21 07:01:00,2024-08-21 06:59:51,2024-08-21 07:01:00,2024-08-21 07:03:57,382227,68.8077407740774,246.37335733573357,0,QC007,WS016.01,1368604,986377
CO_TFTU000015,SC020,2024-08-21 07:03:00,2024-08-21 07:02:27,2024-08-21 07:03:00,2024-08-21 07:05:21,182193,32.798019801980196,174.35391539153915,0,QC005,WS016.01,968536,786343
CO_TFTU000060,SC020,2024-08-21 07:11:00,2024-08-21 07:09:51,2024-08-21 07:11:00,2024-08-21 07:13:57,382227,68.8077407740774,246.37335733573357,0,QC007,WS016.01,1368604,986377
CO_TFTU000061,SC020,2024-08-21 07:11:00,2024-08-21 07:09:51,2024-08-21 07:11:00,2024-08-21 07:13:57,382227,68.8077407740774,246.37335733573357,0,QC007,WS016.01,1368604,986377
CO_TFTU000108,SC020,2024-08-21 07:18:00,2024-08-21 07:17:09,2024-08-21 07:18:00,2024-08-21 07:20:39,282637,50.87974797479748,210.5173717371737,0,QC006,WS016.01,1169424,886787
CO_TFTU000163,SC020,2024-08-21 07:30:00,2024-08-21 07:29:27,2024-08-21 07:30:00,2024-08-21 07:32:21,182193,32.798019801980196,174.35391539153915,0,QC005,WS016.01,968536,786343
CO_TFTU000206,SC020,2024-08-21 07:44:00,2024-08-21 07:42:51,2024-08-21 07:44:00,2024-08-21 07:46:57,382227,68.8077407740774,246.37335733573357,0,QC007,WS016.01,1368604,986377
CO_TFTU000219,SC020,2024-08-21 07:46:00,2024-08-21 07:44:51,2024-08-21 07:46:00,2024-08-21 07:48:57,382227,68.8077407740774,246.37335733573357,0,QC007,WS016.01,1368604,986377
CO_TFTU000261,SC020,2024-08-21 08:02:00,2024-08-21 08:00:51,2024-08-21 08:02:00,2024-08-21 08:04:57,382227,68.8077407740774,246.37335733573357,0,QC007,WS016.01,1368604,986377
CO_TFTU000265,SC020,2024-08-21 08:04:00,2024-08-21 08:03:27,2024-08-21 08:04:00,2024-08-21 08:06:21,182193,32.798019801980196,174.35391539153915,0,QC005,WS016.01,968536,786343
CO_TFTU000041,SC020,2024-08-21 07:08:00,2024-08-21 07:07:27,2024-08-21 07:08:00,2024-08-21 07:10:30,182193,32.798019801980196,183.35481548154814,0,QC005,WS017.01,1018536,836343
CO_TFTU000058,SC020,2024-08-21 07:11:00,2024-08-21 07:10:27,2024-08-21 07:11:00,2024-08-21 07:13:30,182193,32.798019801980196,183.35481548154814,0,QC005,WS017.01,1018536,836343
CO_TFTU000178,SC020,2024-08-21 07:36:00,2024-08-21 07:35:09,2024-08-21 07:36:00,2024-08-21 07:38:48,282637,50.87974797479748,219.51827182718273,0,QC006,WS017.01,1219424,936787
CO_TFTU000198,SC020,2024-08-21 07:41:00,2024-08-21 07:39:51,2024-08-21 07:41:00,2024-08-21 07:44:06,382227,68.8077407740774,255.37425742574257,0,QC007,WS017.01,1418604,1036377
CO_TFTU000204,SC020,2024-08-21 07:43:00,2024-08-21 07:42:27,2024-08-21 07:43:00,2024-08-21 07:45:30,182193,32.798019801980196,183.35481548154814,0,QC005,WS017.01,1018536,836343
CO_TFTU000216,SC020,2024-08-21 07:46:00,2024-08-21 07:45:27,2024-08-21 07:46:00,2024-08-21 07:48:30,182193,32.798019801980196,183.35481548154814,0,QC005,WS017.01,1018536,836343
CO_TFTU000236,SC020,2024-08-21 07:53:00,2024-08-21 07:52:09,2024-08-21 07:53:00,2024-08-21 07:55:48,282637,50.87974797479748,219.51827182718273,0,QC006,WS017.01,1219424,936787
CO_TFTU000243,SC020,2024-08-21 07:57:00,2024-08-21 07:55:51,2024-08-21 07:57:00,2024-08-21 08:00:06,382227,68.8077407740774,255.37425742574257,0,QC007,WS017.01,1418604,1036377
CO_TFTU000263,SC020,2024-08-21 08:03:00,2024-08-21 08:02:27,2024-08-21 08:03:00,2024-08-21 08:05:30,182193,32.798019801980196,183.35481548154814,0,QC005,WS017.01,1018536,836343
CO_TFTU000155,SC020,2024-08-21 07:28:00,2024-08-21 07:27:27,2024-08-21 07:28:00,2024-08-21 07:29:16,182193,32.798019801980196,108.8003600360036,0,QC005,YARD001.02,604386,422193
CO_TFTU000259,SC020,2024-08-21 08:02:00,2024-08-21 08:01:09,2024-08-21 08:02:00,2024-08-21 08:03:34,282637,50.87974797479748,144.96381638163817,0,QC006,YARD001.02,805274,522637
CO_TFTU000272,SC020,2024-08-21 08:05:00,2024-08-21 08:04:27,2024-08-21 08:05:00,2024-08-21 08:06:16,182193,32.798019801980196,108.8003600360036,0,QC005,YARD001.02,604386,422193
CO_TFTU000129,SC020,2024-08-21 07:23:00,2024-08-21 07:22:09,2024-08-21 07:23:00,2024-08-21 07:24:32,282637,50.87974797479748,143.16363636363636,0,QC006,YARD001.03,795274,512637
CO_TFTU000130,SC020,2024-08-21 07:23:00,2024-08-21 07:22:09,2024-08-21 07:23:00,2024-08-21 07:24:30,282637,50.87974797479748,141.36345634563457,0,QC006,YARD001.04,785274,502637
CO_TFTU000068,SC020,2024-08-21 07:12:00,2024-08-21 07:11:27,2024-08-21 07:12:00,2024-08-21 07:13:10,182193,32.798019801980196,103.3998199819982,0,QC005,YARD001.05,574386,392193
CO_TFTU000099,SC020,2024-08-21 07:17:00,2024-08-21 07:16:27,2024-08-21 07:17:00,2024-08-21 07:18:10,182193,32.798019801980196,103.3998199819982,0,QC005,YARD001.05,574386,392193
CO_TFTU000072,SC020,2024-08-21 07:13:00,2024-08-21 07:12:27,2024-08-21 07:13:00,2024-08-21 07:13:58,182193,32.798019801980196,90.7985598559856,0,QC005,YARD001.14,504386,322193
CO_TFTU000141,SC020,2024-08-21 07:25:00,2024-08-21 07:24:45,2024-08-21 07:25:00,2024-08-21 07:25:39,82176,14.793159315931593,54.78883888388839,0,QC004,YARD001.14,304352,222176
CO_TFTU000164,SC020,2024-08-21 07:30:00,2024-08-21 07:29:09,2024-08-21 07:30:00,2024-08-21 07:31:16,282637,50.87974797479748,126.96201620162016,0,QC006,YARD001.14,705274,422637
CO_TFTU000280,SC020,2024-08-21 08:07:00,2024-08-21 08:06:27,2024-08-21 08:07:00,2024-08-21 08:07:50,182193,32.798019801980196,83.5978397839784,0,QC005,YARD001.18,464386,282193
CO_TFTU000004,SC020,2024-08-21 07:00:00,2024-08-21 06:59:09,2024-08-21 07:00:00,2024-08-21 07:01:07,282637,50.87974797479748,117.96111611161116,0,QC006,YARD001.19,655274,372637
CO_TFTU000075,SC020,2024-08-21 07:13:00,2024-08-21 07:12:09,2024-08-21 07:13:00,2024-08-21 07:14:07,282637,50.87974797479748,117.96111611161116,0,QC006,YARD001.19,655274,372637
CO_TFTU000114,SC020,2024-08-21 07:19:00,2024-08-21 07:18:09,2024-08-21 07:19:00,2024-08-21 07:20:05,282637,50.87974797479748,116.16093609360937,0,QC006,YARD001.20,645274,362637
CO_TFTU000247,SC020,2024-08-21 07:58:00,2024-08-21 07:57:27,2024-08-21 07:58:00,2024-08-21 07:58:45,182193,32.798019801980196,78.197299729973,0,QC005,YARD001.21,434386,252193
CO_TFTU000254,SC020,2024-08-21 08:02:00,2024-08-21 08:01:45,2024-08-21 08:02:00,2024-08-21 08:02:27,82176,14.793159315931593,42.18757875787579,0,QC004,YARD001.21,234352,152176
CO_TFTU000074,SC020,2024-08-21 07:13:00,2024-08-21 07:12:27,2024-08-21 07:13:00,2024-08-21 07:13:39,182193,32.798019801980196,72.79675967596759,0,QC005,YARD001.24,404386,222193
CO_TFTU000152,SC020,2024-08-21 07:27:00,2024-08-21 07:26:09,2024-08-21 07:27:00,2024-08-21 07:27:58,282637,50.87974797479748,108.96021602160216,0,QC006,YARD001.24,605274,322637
CO_TFTU000032,SC020,2024-08-21 07:06:00,2024-08-21 07:05:27,2024-08-21 07:06:00,2024-08-21 07:06:38,182193,32.798019801980196,70.9965796579658,0,QC005,YARD001.25,394386,212193
CO_TFTU000251,SC020,2024-08-21 07:59:00,2024-08-21 07:58:27,2024-08-21 07:59:00,2024-08-21 07:59:38,182193,32.798019801980196,70.9965796579658,0,QC005,YARD001.25,394386,212193
CO_TFTU000260,SC020,2024-08-21 08:02:00,2024-08-21 08:01:09,2024-08-21 08:02:00,2024-08-21 08:02:54,282637,50.87974797479748,105.35985598559856,0,QC006,YARD001.26,585274,302637
CO_TFTU000104,SC020,2024-08-21 07:18:00,2024-08-21 07:17:27,2024-08-21 07:18:00,2024-08-21 07:18:34,182193,32.798019801980196,67.3962196219622,0,QC005,YARD001.27,374386,192193
CO_TFTU000126,SC020,2024-08-21 07:22:00,2024-08-21 07:21:27,2024-08-21 07:22:00,2024-08-21 07:22:34,182193,32.798019801980196,67.3962196219622,0,QC005,YARD001.27,374386,192193
CO_TFTU000246,SC020,2024-08-21 07:58:00,2024-08-21 07:57:45,2024-08-21 07:58:00,2024-08-21 07:58:16,82176,14.793159315931593,31.386498649864986,0,QC004,YARD001.27,174352,92176
CO_TFTU000277,SC020,2024-08-21 08:07:00,2024-08-21 08:06:45,2024-08-21 08:07:00,2024-08-21 08:07:16,82176,14.793159315931593,31.386498649864986,0,QC004,YARD001.27,174352,92176
CO_TFTU000127,SC020,2024-08-21 07:22:00,2024-08-21 07:21:09,2024-08-21 07:22:00,2024-08-21 07:22:49,282637,50.87974797479748,99.95931593159315,0,QC006,YARD001.29,555274,272637
CO_TFTU000066,SC020,2024-08-21 07:12:00,2024-08-21 07:11:45,2024-08-21 07:12:00,2024-08-21 07:12:09,82176,14.793159315931593,24.185778577857786,0,QC004,YARD001.31,134352,52176
CO_TFTU000082,SC020,2024-08-21 07:15:00,2024-08-21 07:14:27,2024-08-21 07:15:00,2024-08-21 07:15:27,182193,32.798019801980196,60.195499549954995,0,QC005,YARD001.31,334386,152193
CO_TFTU000111,SC020,2024-08-21 07:19:00,2024-08-21 07:18:45,2024-08-21 07:19:00,2024-08-21 07:19:09,82176,14.793159315931593,24.185778577857786,0,QC004,YARD001.31,134352,52176
CO_TFTU000273,SC020,2024-08-21 08:05:00,2024-08-21 08:04:27,2024-08-21 08:05:00,2024-08-21 08:05:27,182193,32.798019801980196,60.195499549954995,0,QC005,YARD001.31,334386,152193
CO_TFTU000070,SC020,2024-08-21 07:12:00,2024-08-21 07:10:51,2024-08-21 07:12:00,2024-08-21 07:12:54,382227,68.8077407740774,123.21404140414042,0,QC007,YARD001.36,684454,302227
CO_TFTU000120,SC020,2024-08-21 07:20:00,2024-08-21 07:18:51,2024-08-21 07:20:00,2024-08-21 07:20:54,382227,68.8077407740774,123.21404140414042,0,QC007,YARD001.36,684454,302227
CO_TFTU000133,SC020,2024-08-21 07:24:00,2024-08-21 07:23:27,2024-08-21 07:24:00,2024-08-21 07:24:18,182193,32.798019801980196,51.194599459946,0,QC005,YARD001.36,284386,102193
CO_TFTU000257,SC020,2024-08-21 08:02:00,2024-08-21 08:01:09,2024-08-21 08:02:00,2024-08-21 08:02:36,282637,50.87974797479748,87.35805580558056,0,QC006,YARD001.36,485274,202637
CO_TFTU000267,SC020,2024-08-21 08:04:00,2024-08-21 08:03:27,2024-08-21 08:04:00,2024-08-21 08:04:16,182193,32.798019801980196,49.394419441944194,0,QC005,YARD001.37,274386,92193
CO_TFTU000248,SC020,2024-08-21 07:58:00,2024-08-21 07:57:27,2024-08-21 07:58:00,2024-08-21 07:58:14,182193,32.798019801980196,47.5942394239424,0,QC005,YARD001.38,264386,82193
CO_TFTU000284,SC020,2024-08-21 08:08:00,2024-08-21 08:07:45,2024-08-21 08:08:00,2024-08-21 08:08:22,82176,14.793159315931593,36.966696669666966,0,QC004,YARD001.40,205350,123174
CO_TFTU000089,SC020,2024-08-21 07:16:00,2024-08-21 07:15:27,2024-08-21 07:16:00,2024-08-21 07:16:11,182193,32.798019801980196,44.16741674167417,0,QC005,YARD001.44,245350,63157
CO_TFTU000113,SC020,2024-08-21 07:19:00,2024-08-21 07:18:27,2024-08-21 07:19:00,2024-08-21 07:19:11,182193,32.798019801980196,44.16741674167417,0,QC005,YARD001.44,245350,63157
CO_TFTU000052,SC020,2024-08-21 07:10:00,2024-08-21 07:09:27,2024-08-21 07:10:00,2024-08-21 07:10:14,182193,32.798019801980196,47.76777677767777,0,QC005,YARD001.46,265350,83157
CO_TFTU000100,SC020,2024-08-21 07:17:00,2024-08-21 07:16:27,2024-08-21 07:17:00,2024-08-21 07:17:22,182193,32.798019801980196,54.96849684968497,0,QC005,YARD001.50,305350,123157
CO_TFTU000142,SC020,2024-08-21 07:25:00,2024-08-21 07:24:09,2024-08-21 07:25:00,2024-08-21 07:25:11,282637,50.87974797479748,62.15553555355535,0,QC006,YARD001.50,345274,62637
CO_TFTU000147,SC020,2024-08-21 07:26:00,2024-08-21 07:25:27,2024-08-21 07:26:00,2024-08-21 07:26:23,182193,32.798019801980196,56.76867686768677,0,QC005,YARD001.51,315350,133157
CO_TFTU000090,SC020,2024-08-21 07:16:00,2024-08-21 07:15:09,2024-08-21 07:16:00,2024-08-21 07:16:07,282637,50.87974797479748,58.56885688568857,0,QC006,YARD001.52,325350,42713
CO_TFTU000026,SC020,2024-08-21 07:05:00,2024-08-21 07:04:09,2024-08-21 07:05:00,2024-08-21 07:05:11,282637,50.87974797479748,62.16921692169217,0,QC006,YARD001.54,345350,62713
CO_TFTU000151,SC020,2024-08-21 07:27:00,2024-08-21 07:26:09,2024-08-21 07:27:00,2024-08-21 07:27:16,282637,50.87974797479748,67.56975697569757,0,QC006,YARD001.57,375350,92713
CO_TFTU000059,SC020,2024-08-21 07:11:00,2024-08-21 07:10:09,2024-08-21 07:11:00,2024-08-21 07:11:18,282637,50.87974797479748,69.36993699369937,0,QC006,YARD001.58,385350,102713
